10WebAnalytics|gawd_email_|wd-google-analytics
10WebAnalytics|gawd_email_scheduled|wd-google-analytics
10WebAnalytics|gawd_pushover_|wd-google-analytics
10WebSocial|wdi_schedule_event_hook|wd-instagram-feed
10WebSocial|wd_fb_schedule_event_hook|wd-facebook-feed
12 Step Meeting List|tsml_scan_data_source|12-step-meeting-list
3CX Live Chat|wplc_cron_get_mcu_data_hook|wp-live-chat-support
3CX Live Chat|wplc_cron_update_chats_hook|wp-live-chat-support
Abandoned Cart Lite for WooCommerce|wcal_clear_carts|woocommerce-abandoned-cart
Abandoned Cart Lite for WooCommerce|woocommerce_ac_delete_coupon_action|woocommerce-abandoned-cart
Abandoned Cart Recovery for WooCommerce|wacv_delete_coupon|woo-abandoned-cart-recovery
Abandoned Cart Recovery for WooCommerce|wacv_execute_cron|woo-abandoned-cart-recovery
Abandoned Cart Recovery for WooCommerce|wacv_remove_abandoned_cart|woo-abandoned-cart-recovery
Accordion|accordions_cron_reset_migrate|accordions
Accordion|accordions_cron_upgrade_accordions|accordions
Accordion|accordions_cron_upgrade_settings|accordions
Accordion|accordions_import_cron_accordion_shortcodes|accordions
Accordion|accordions_import_cron_arconix_faq|accordions
Accordion|accordions_import_cron_easy_accordion_free|accordions
Accordion|accordions_import_cron_easy_responsive_tabs|accordions
Accordion|accordions_import_cron_everest_tab_lite|accordions
Accordion|accordions_import_cron_meks_flexible_shortcodes|accordions
Accordion|accordions_import_cron_quick_easy_faqs|accordions
Accordion|accordions_import_cron_responsive_accordion_collapse|accordions
Accordion|accordions_import_cron_responsive_tabs|accordions
Accordion|accordions_import_cron_shortcodes_ultimate|accordions
Accordion|accordions_import_cron_sp_faq|accordions
Accordion|accordions_import_cron_squelch_tabs_accordions|accordions
Accordion|accordions_import_cron_tabby_responsive_tabs|accordions
Accordion|accordions_import_cron_tabs_responsive|accordions
Accordion|accordions_import_cron_tabs_shortcode|accordions
Accordion|accordions_import_cron_ultimate_faqs|accordions
Accordion|accordions_import_cron_wonderplugin_tabs_trial|accordions
Accordion|accordions_import_cron_wp_shortcode|accordions
ActiveCampaign for WooCommerce|activecampaign_for_woocommerce_cart_updated_recurring_event|activecampaign-for-woocommerce
ActiveCampaign for WooCommerce|activecampaign_for_woocommerce_run_order_sync|activecampaign-for-woocommerce
Activity Log For MainWP|mwp_events_cleanup|activity-log-mainwp
Ad Invalid Click Protector|aicp_hourly_cleanup|ad-invalid-click-protector
Add & Replace Affiliate Links for Amazon|uralp_hook|add-replace-affiliate-links-for-amazon
AddToAny Share Buttons|addtoany_refresh_cache|add-to-any
AdRotate|adrotate_delete_transients|adrotate
AdRotate|adrotate_empty_trackerdata|adrotate
AdRotate|adrotate_evaluate_ads|adrotate
AdRotate|adrotate_notification|adrotate
Ads by WPQUADS|quads_daily_event|quick-adsense-reloaded
Ads by WPQUADS|quads_weekly_event|quick-adsense-reloaded
AdThrive Ads|adthrive_cls_daily_event|adthrive-ads
AdThrive Ads|adthrive_daily_event|adthrive-ads
AdThrive Ads|adthrive_site_daily_event|adthrive-ads
Advanced Automatic Updates|auto_updater_svn_event|automatic-updater
Advanced Booking Calendar|clearWaitingBookings_event|advanced-booking-calendar
Advanced Booking Calendar|commitUsage_event|advanced-booking-calendar
Advanced Classifieds & Directory Pro|acadp_hourly_scheduled_events|advanced-classifieds-and-directory-pro
Advanced Custom Fields|ACFFA_refresh_latest_icons|advanced-custom-fields-font-awesome
Advanced Custom Fields|ACFFA_theme_install_update_check|advanced-custom-fields-font-awesome
Advanced Custom Fields|aiarc_delete_unused_attachments|acf-image-aspect-ratio-crop
Advanced Database Cleaner|aDBc_clean_scheduler|advanced-database-cleaner
Advanced Database Cleaner|aDBc_optimize_scheduler|advanced-database-cleaner
Advanced iFrame|ai_check_iframes_event|advanced-iframe
Advanced Schedule Posts|hasp_cron_execute|advanced-schedule-posts
Advanced Woo Search|aws_reindex_table|advanced-woo-search
Afterpay Gateway for WooCommerce|afterpay_do_cron_jobs|afterpay-gateway-for-woocommerce
Akismet Spam Protection|akismet_schedule_cron_recheck|akismet
Akismet Spam Protection|akismet_scheduled_delete|akismet
ALD|vi_wad_update_aff_urls|woo-alidropship
ALD|wp_vi_wad_background_download_images_cron|woo-alidropship
AliExpress and Amazon REVIEWS for dropshipping and affiliate by irivyou|re_rev_co_nu|wooreviews-importer
AliExpress Dropshipping with Ali2Woo Lite|a2wl_email_alerts_event|ali2woo-lite
AliExpress Dropshipping with Ali2Woo Lite|a2wl_synch_event_check|ali2woo-lite
AliExpress Dropshipping with Ali2Woo Lite|a2wl_update_products_event|ali2woo-lite
AliExpress Dropshipping with Ali2Woo Lite|a2wl_update_reviews_event|ali2woo-lite
All In One WP Security & Firewall|aiowps_daily_cron_event|all-in-one-wp-security-and-firewall
All In One WP Security & Firewall|aiowps_hourly_cron_event|all-in-one-wp-security-and-firewall
amr users|amr_|amr-users
Analytics Cat|fca_ga_schedule_review_notice|analytics-cat
Analytics Spam Blocker|ajdg_api_stats_update|analytics-spam-blocker
Analytics Spam Blocker|ajdg_spamblocker_blocklist_update|analytics-spam-blocker
Analytify|analytify_cleanup_logs|wp-analytify
Analytify|analytify_email_cron_function|wp-analytify
AnsPress|ap_delete_temp_attachments|anspress-question-answer
Anti Spam by Fullworks|fullworks_anti_spam_daily_admin|fullworks-anti-spam
AntiVirus|antivirus_daily_cronjob|antivirus
AnyComment|anycomment_email_queue_send_cron|anycomment
AnyComment|anycomment_service_sync_cron|anycomment
AnyComment|anycomment_tools_cron|anycomment
Apocalypse Meow|meow_clean_database|apocalypse-meow
Apocalypse Meow|meow_cron_prune|apocalypse-meow
Arigato Autoresponder and Newsletter|bft_hook_up|bft-autoresponder
Asaas Gateway for WooCommerce|remove_expired_pix|woo-asaas
Asaas Gateway for WooCommerce|remove_expired_ticket|woo-asaas
Asset CleanUp|wpacu_daily_scheduled_events|wp-asset-clean-up
Asset CleanUp|wpacu_weekly_scheduled_events|wp-asset-clean-up
Aurora Heatmap|aurora_heatmap_cron_daily|aurora-heatmap
Auto Amazon Links|aal_action_delete_expired_caches|amazon-auto-links
Auto Amazon Links|aal_action_proxy_update|amazon-auto-links
Auto Amazon Links|aal_action_simplepie_renew_cache|amazon-auto-links
Auto Delete Applications|awsm_jobs_adl_applications|auto-delete-applications-add-on-for-wp-job-openings
Auto Delete Posts|wpadp_daily_cron|auto-delete-posts
Auto Post Scheduler|aps_auto_post_hook|auto-post-scheduler
Automatic Featured Images from Videos|wds_bulk_process_video_query_init|automatic-featured-images-from-videos
Automatic Post Tagger|apt_bulk_tagging_event|automatic-post-tagger
Automatic Post Tagger|apt_bulk_tagging_event_single_batch|automatic-post-tagger
Automatic Youtube Video Posts Plugin|ayvpp_common_cron|automatic-youtube-video-posts
Automatic Youtube Video Posts Plugin|ayvpp_cron|automatic-youtube-video-posts
AutomatorWP|automatorwp_auto_logs_cleanup_event|automatorwp
Autonami Marketing Automations For WordPress|bwf_as_run_queue|wp-marketing-automations
Autoptimize|ao_ccss_keychecker|autoptimize
Autoptimize|ao_ccss_maintenance|autoptimize
Autoptimize|ao_ccss_queue|autoptimize
Autoptimize criticalcss.com power-up|ao_ccss_servicestatus|autoptimize-criticalcss
avalex|avalex_cron_event|avalex
avalex|avalex_update_dse_cron_event|avalex
AweBooking|abrs_schedule_clean_booking|awebooking
AweBooking|abrs_schedule_update_checkout_status|awebooking
Awesome Support|attachments_dir_cleanup_action|awesome-support
Awesome Support|wp_session_database_gc|awesome-support
Awesome Support|wpas_tickets_cleanup_action|awesome-support
BA Book Everything|babe_remove_draft_orders|ba-book-everything
Backup and Restore WordPress|wpbackitup_daily_scheduled_events|wp-backitup
Backup and Restore WordPress|wpbackitup_queue_scheduled_jobs|wp-backitup
Backup and Restore WordPress|wpbackitup_weekly_scheduled_events|wp-backitup
Backup and Staging by WP Time Capsule|wptc_trigger_truncate_cron_hook|wp-time-capsule
Backup Bank|automatic_updates_backup_bank|wp-backup-bank
Backup Database|backup_database_backup_event|backup-database
Backup Migration|bmi_do_backup_right_now|backup-backup
Backup, Restore and Migrate WordPress Sites With the XCloner Plugin|xcloner_scheduler_|xcloner-backup-and-restore
BackUpWordPress|hmbkp_schedule_hook|backupwordpress
BackWPup|backwpup_check_cleanup|backwpup
BackWPup|backwpup_cron|backwpup
BackWPup|wp_scheduled_delete|backwpup
BackWPup|wp_update_plugins|backwpup
BackWPup|wp_update_themes|backwpup
BackWPup|wp_version_check|backwpup
BAN Users|w3dev_unban_user|ban-users
Banhammer|banhammer_cron_reset|banhammer
Banhammer|banhammer_nonce_cleanup|banhammer
BDroppy|bdroppy_change_catalog_event|bdroppy
BDroppy|bdroppy_queues_event|bdroppy
BDroppy|bdroppy_sync_order_event|bdroppy
BDroppy|bdroppy_update_catalog_event|bdroppy
BDroppy|bdroppy_update_product_event|bdroppy
Beaver Builder|fl_builder_usage_event|beaver-builder-lite-version
Benchmark Email Lite|wpbme_token_renew|benchmark-email-lite
Better Google Analytics|better_analytics_cron_hourly|better-analytics
Better Google Analytics|better_analytics_cron_minutely|better-analytics
Better Messages|bp_better_messages_clear_attachments|bp-better-messages
Better Messages|bp_better_messages_send_notifications|bp-better-messages
Bit Form|bitforms_exec_integrations|bit-form
Block Bad Bots and Stop Bad Bots Crawlers and Spiders and Anti Spam Protection|stopbadbots_cron_hook|stopbadbots
Block Bad Bots and Stop Bad Bots Crawlers and Spiders and Anti Spam Protection|stopbadbots_cron_job|stopbadbots
Block Referer Spam|dailyCronjob|block-referer-spam
BlossomThemes Social Feed|btif_refresh_token_cron_hook|blossomthemes-instagram-feed
Bluehost Site Migrator|bluehost_site_migrator_purge_migration_packages|bluehost-site-migrator
Booking Activities|bookacti_clean_expired_exports|booking-activities
Booking Activities|bookacti_clean_latest_notifications|booking-activities
Booking Activities|bookacti_delete_expired_bookings|booking-activities
Booking Activities|bookacti_hourly_event|booking-activities
Booking Addon for WooCommerce|mvvwb_cron_action_daily|booking-for-woocommerce
Booking Calendar|cbsb_migrate_token_hook|calendar-booking
Booking Package|booking_package_notification|booking-package
Booster for WooCommerce|wcj_track_users_generate_stats|woocommerce-jetpack
Booter|booter_write_robots_file|booter-bots-crawlers-manager
Bot Block|bot_block_cron|bot-block-stop-spam-google-analytics-referrals
Bot Block|bot_block_send_stats|bot-block-stop-spam-google-analytics-referrals
Bounce Handler MailPoet 3|bdt_daily_worker|bounce-handler-mailpoet
Bounce Handler MailPoet 3|bdt_fifteen_min_worker|bounce-handler-mailpoet
Bounce Handler MailPoet 3|bdt_hourly_worker|bounce-handler-mailpoet
Bounce Handler MailPoet 3|bdt_thirty_min_worker|bounce-handler-mailpoet
Bounce Handler MailPoet 3|bdt_twicedaily_worker|bounce-handler-mailpoet
Bounce Handler MailPoet 3|bdt_two_hourly_worker|bounce-handler-mailpoet
Boxzilla|boxzilla_check_license_status|boxzilla
BP Birthday Greetings|bp_birthday_daily_event|bp-birthday-greetings
bpost shipping|cache_clean|bpost-shipping
Branda|branda_email_logs_cleaning|branda-white-labeling
Breeze|breeze_purge_cache|breeze
Breeze|spai_lqip_generate_event|breeze
Bring Fraktguiden for WooCommerce|bring_fraktguiden_cron|bring-fraktguiden-for-woocommerce
Broken Link Checker|blc_corn_clear_log_file|broken-link-checker
Broken Link Checker|blc_cron_check_links|broken-link-checker
Broken Link Checker|blc_cron_database_maintenance|broken-link-checker
Broken Link Checker|blc_cron_email_notifications|broken-link-checker
Broken Link Checker | Finder|moblc_scan_cron_hook
Buckaroo Woocommerce Payments Plugin|buckaroo_clean_logger_storage|wc-buckaroo-bpe-gateway
BuddyPress|bp_activity_akismet_delete_old_metadata|buddypress
BuddyPress Default Data|bpdd_ut_weekly_request|bp-default-data
BuddyPress Group Email Subscription|ass_digest_event|buddypress-group-email-subscription
BuddyPress Group Email Subscription|ass_digest_event_weekly|buddypress-group-email-subscription
Bulky|vi_wbe_remove_revision|bulky-bulk-edit-products-for-woo
BulletProof Security|bpsPro_DBB_check|bulletproof-security
BulletProof Security|bpsPro_email_log_files|bulletproof-security
BulletProof Security|bpsPro_HPF_check|bulletproof-security
BulletProof Security|bpsPro_plugin_updates_cron|bulletproof-security
BulletProof Security|bpsPro_theme_updates_cron|bulletproof-security
Burst Statistics|burst_every_day_hook|burst-statistics
Burst Statistics|burst_every_hour_hook|burst-statistics
Business Directory Plugin|wpbdp_daily_events|business-directory-plugin
Business Directory Plugin|wpbdp_hourly_events|business-directory-plugin
Business Directory Plugin|wpbdp_listings_expiration_check|business-directory-plugin
Business Directory Plugin|wpbdp_site_tracking|business-directory-plugin
Business Directory Plugin | GeoDirectory|geodir_connect_fetch_service_schemas
Cache Cleaner|wplocalseo_cleaner_clean_all_cache|cache-cleaner
Calculated Fields Form|cpcff_clean_transients|calculated-fields-form
Calendar Event Multi View|cpmvc_data_hook|cp-multi-view-calendar
Captivate Sync|cfm_sync_new_episodes|captivatesync-trade
Cart Lift|cart_lift_process_scheduled_email_hook|cart-lift
Cart Lift|cart_lift_x_days_cart_remove|cart-lift
CartBounty|cartbounty_notification_sendout_hook|woo-save-abandoned-carts
CartBounty|cartbounty_remove_empty_carts_hook|woo-save-abandoned-carts
CartBounty|cartbounty_sync_hook|woo-save-abandoned-carts
České služby pro WordPress|ceske_sluzby_heureka_aktualizace_xml|ceske-sluzby
České služby pro WordPress|ceske_sluzby_heureka_aktualizace_xml_batch|ceske-sluzby
České služby pro WordPress|ceske_sluzby_pricemania_aktualizace_xml|ceske-sluzby
České služby pro WordPress|ceske_sluzby_pricemania_aktualizace_xml_batch|ceske-sluzby
České služby pro WordPress|ceske_sluzby_zbozi_aktualizace_xml|ceske-sluzby
České služby pro WordPress|ceske_sluzby_zbozi_aktualizace_xml_batch|ceske-sluzby
Charitable|charitable_daily_scheduled_events|charitable
Chatbot with IBM Watson|watson_reset_client_usage|conversation-watson
Chatbot with IBM Watson|watson_reset_total_usage|conversation-watson
Chatbot with IBM Watson|watson_save_to_disk|conversation-watson
Chronosly Events Calendar|chronosly_update_addons|chronosly-events-calendar
Chronosly Events Calendar|chronosly_update_templates|chronosly-events-calendar
Church Admin|church_admin_bulk_email|church-admin
Church Admin|church_admin_cron_email_rota|church-admin
Church Content|ctc_update_recurring_event_dates|church-theme-content
Classified Listing|rtcl_daily_scheduled_events|classified-listing
Classified Listing|rtcl_hourly_scheduled_events|classified-listing
Classified Listing|rtcl_twicedaily_scheduled_events|classified-listing
Clear cache for Timber|clear_cache_for_timber_cron_task|clear-cache-for-timber
Clearfy Cache|wbcr_clearfy_license_autosync|clearfy
Clearfy Cache|wbcr_clearfy_update_local_ga|clearfy
Clearfy Cache|wbcr_clr_license_autosync|clearfy
Clearpay Gateway for WooCommerce|clearpay_do_cron_jobs|clearpay-gateway-for-woocommerce
Cloudinary|cloudinary_status|cloudinary-image-management-and-manipulation-in-the-cloud-cdn
CMS Commander|cmsc_backup_tasks|cms-commander-client
CMS Commander|cmsc_datasend|cms-commander-client
Co-marquage service-public.fr|comarquage_daily_xml_update|co-marquage-service-public
CoCart|cocart_cleanup_carts|cart-rest-api-for-woocommerce
Colissimo Officiel|purge_colissimo_labels|colissimo-shipping-methods-for-woocommerce
Colissimo Officiel|update_colissimo_statuses|colissimo-shipping-methods-for-woocommerce
Comet Cache|_cron_|comet-cache
CommentLuv|clversion|commentluv
Companion Auto Update|cau_custom_hooks_plugins|companion-auto-update
Companion Auto Update|cau_custom_hooks_themes|companion-auto-update
Companion Auto Update|cau_log_updater|companion-auto-update
Companion Auto Update|cau_outdated_notifier|companion-auto-update
Companion Auto Update|cau_set_schedule_mail|companion-auto-update
Companion Sitemap Generator|csg_create_sitemap|companion-sitemap-generator
Complianz|cmplz_every_day_hook|complianz-gdpr
Complianz|cmplz_every_month_hook|complianz-gdpr
Complianz|cmplz_every_week_hook|complianz-gdpr
Connections Business Directory|cn_log_purge_process|connections
Constant Contact + WooCommerce|cc_woo_check_expired_checkouts|constant-contact-woocommerce
Constant Contact for WordPress|wp_logging_prune_routine|constant-contact-api
Contact Form 7|cf7pp_payment_check_status|contact-form-7-paypal-add-on
Contact Form 7 Extension For Mailchimp|mce_12hours_cron_job|contact-form-7-mailchimp-extension
Contact Form 7 Extension For Mailchimp|mce_4days_cron_job|contact-form-7-mailchimp-extension
Contact Form, Drag and Drop Form Builder for WordPress|everest_forms_cleanup_logs|everest-forms
Contact Form, Drag and Drop Form Builder for WordPress|everest_forms_cleanup_sessions|everest-forms
Content Cards|content_cards_image_cleanup|content-cards
Content Cards|content_cards_link_cleanup|content-cards
Content Cards|content_cards_retry|content-cards
Content Cards|content_cards_schedule_cleanups|content-cards
Content Cards|content_cards_update|content-cards
Content.ad|ca_cron|contentad
Cookie Notice & Compliance for GDPR / CCPA|cookie_notice_get_app_analytics|cookie-notice
Cost of Goods for WooCommerce|alg_wc_cog_currency_rate_update|cost-of-goods-for-woocommerce
Create by Mediavine|mv_create_sync_data|mediavine-create
Crony Cronjob Manager|crony|crony
Crowdsignal Dashboard|polldaddy_rating_update_job|polldaddy
Cryptocurrency Widgets|ccpw_coins_autosave|cryptocurrency-price-ticker-widget
CTX Feed|woo_feed_cleanup_logs|webappick-product-feed-for-woocommerce
CTX Feed|woo_feed_update|webappick-product-feed-for-woocommerce
CTX Feed|woo_feed_update_single_feed|webappick-product-feed-for-woocommerce
Custom Login|custom_login_daily_scheduled_events|custom-login
Custom Login|custom_login_weekly_scheduled_events|custom-login
Custom Twitter Feeds|ctf_cron_job|custom-twitter-feeds
Custom Twitter Feeds|ctf_usage_tracking_cron|custom-twitter-feeds
Custom User Profile Fields for User Registration & Member Frontend Profiles with Paid Memberships Pro|pmprorh_cron_delete_tmp|pmpro-register-helper
Customer Reviews for WooCommerce|cr_generate_feed|customer-reviews-woocommerce
Customer Reviews for WooCommerce|cr_generate_prod_feed|customer-reviews-woocommerce
Customer Reviews for WooCommerce|cr_generate_prod_feed_chunk|customer-reviews-woocommerce
Customer Reviews for WooCommerce|cr_generate_product_reviews_feed_chunk|customer-reviews-woocommerce
Customer Reviews for WooCommerce|ivole_send_reminder|customer-reviews-woocommerce
CYAN Backup|cyan_backup_hook|cyan-backup
Database Backup for WordPress|wp_db_backup_cron|wp-db-backup
Datafeedr Product Sets|dfrps_cron|datafeedr-product-sets
DB Cache Reloaded Fix|clean_cache_event|db-cache-reloaded-fix
Defender Security|audit_clean_up_logs|defender-security
Defender Security|audit_sync_events|defender-security
Defender Security|defender_hub_sync|defender-security
Defender Security|firewall_clean_up_logs|defender-security
Defender Security|firewall_cleanup_temp_blocklist_ips|defender-security
Defender Security|wdf_maybe_send_report|defender-security
Defender Security|wp_defender_clear_logs|defender-security
Defender Security|wpdef_clear_scan_logs|defender-security
Defender Security|wpdef_log_rotational_delete|defender-security
Defender Security|wpdef_sec_key_gen|defender-security
Defender Security|wpdef_update_geoip|defender-security
Delete Duplicate Posts|ddp_cron|delete-duplicate-posts
Different Menu in Different Pages|dmidp_daily_schedules|different-menus-in-different-pages
Directorist|directorist_hourly_scheduled_events|directorist
Disable Json API, Rest API, XML-RPC, Pingback, Feeds, Malware Scanner, Stop User Enumeration Anti Hacker|antihacker_cron_hook|antihacker
Disable Json API, Rest API, XML-RPC, Pingback, Feeds, Malware Scanner, Stop User Enumeration Anti Hacker|antihacker_cron_hook2|antihacker
Disabler|disabler_tracker_send_event|disabler
Ditty|mtphr_dnt_license_check_action|ditty-news-ticker
Docket Cache|docketcache_checkversion|docket-cache
Docket Cache|docketcache_gc|docket-cache
Docket Cache|docketcache_optimizedb|docket-cache
Docket Cache|docketcache_watchproc|docket-cache
Download Manager|__wpdm_cron|download-manager
Download Plugins and Themes from Dashboard|alg_download_plugins_cron|download-plugins-dashboard
Download Plugins and Themes from Dashboard|alg_download_themes_cron|download-plugins-dashboard
Drag and Drop Multiple File Upload for WooCommerce|wp_dnd_wc_daily_cron|drag-and-drop-multiple-file-upload-for-woocommerce
Droit Dark Mode|drdl_cron_hook|droit-dark-mode
DropshipMe|dm_cron_image_upload_event|dropship-me
DW Question & Answer|auto_closure|dw-question-answer
DW Question & Answer|dwqa_hourly_event|dw-question-answer
DX-auto-publish|DXAP_cron_draft_update_hook|dx-auto-publish
Easy Age Verifier|fyt_enqueue_content_cache_hook|easy-age-verifier
Easy Appointments|ea_gdpr_auto_delete|easy-appointments
Easy Appointments|easyapp_hourly_event|easy-appointments
Easy Digital Downloads|edd_cleanup_file_symlinks|easy-digital-downloads
Easy Digital Downloads|edd_daily_scheduled_events|easy-digital-downloads
Easy Digital Downloads|edd_weekly_scheduled_events|easy-digital-downloads
Easy GDPR Consent Forms|egcf_geoip_updater|easy-gdpr-consent-mailchimp
Easy Property Listings|epl_daily_scheduled_events|easy-property-listings
Easy Property Listings|epl_weekly_scheduled_events|easy-property-listings
Easy Testimonials|hello_t_subscription|easy-testimonials
Easy Updates Manager|eum_notification_updates_monthly|stops-core-theme-and-plugin-updates
Easy Updates Manager|eum_notification_updates_weekly|stops-core-theme-and-plugin-updates
Easy WordPress Subscribe|oih_cron_deactivate_opt_ins|opt-in-hound
easyReservations|easyreservations_cleanup_logs|easyreservations
easyReservations|easyreservations_cleanup_personal_data|easyreservations
easyReservations|easyreservations_cleanup_sessions|easyreservations
eCommerce Product Catalog Plugin for WordPress|ic_epc_daily_scheduled_events|ecommerce-product-catalog
eCommerce Product Catalog Plugin for WordPress|ic_epc_weekly_scheduled_events|ecommerce-product-catalog
eCommerce Product Catalog Plugin for WordPress|ic_scheduled_attributes_assignment|ecommerce-product-catalog
eCommerce Product Catalog Plugin for WordPress|ic_scheduled_attributes_clear|ecommerce-product-catalog
Edwiser Bridge|eb_monthly_usage_tracking|edwiser-bridge
ELEX WooCommerce Google Shopping|elex_run_every_thirty_minutes|elex-woocommerce-google-product-feed-plugin-basic
Email download link|ed_cron_daily_event|email-download-link
Email download link|ed_cron_downloadlink|email-download-link
Email Marketing Automation, Email Newsletter and CRM Plugin for WordPress by FluentCRM|fluentcrm_scheduled_minute_tasks|fluent-crm
Email posts to subscribers|elp_cron_halfhourly_event|email-posts-to-subscribers
Email posts to subscribers|elp_cron_hourly_event|email-posts-to-subscribers
Email posts to subscribers|elp_cron_monthly_event|email-posts-to-subscribers
Email Subscribers & Newsletters|ig_es_bounce_handler_cron_action|email-subscribers
Email Subscribers & Newsletters|ig_es_calculate_engagement_score|email-subscribers
Email Subscribers & Newsletters|ig_es_cron|email-subscribers
Email Subscribers & Newsletters|ig_es_cron_auto_responder|email-subscribers
Email Subscribers & Newsletters|ig_es_cron_worker|email-subscribers
Email Subscribers & Newsletters|ig_es_wc_abandoned_cart_worker|email-subscribers
Email Subscribers & Newsletters|ig_es_wc_products_on_sale_worker|email-subscribers
Email Verification / SMS Verification / OTP Verification|hourlySync|miniorange-otp-verification
Email Verification for WooCommerce|alg_wc_ev_delete_unverified_users|emails-verification-for-woocommerce
Emails & Newsletters with Jackmail|jackmail_cron_actualize_plugins_lists|jackmail-newsletters
Emails & Newsletters with Jackmail|jackmail_cron_clean_files|jackmail-newsletters
Emails & Newsletters with Jackmail|jackmail_cron_default_template|jackmail-newsletters
Emails & Newsletters with Jackmail|jackmail_cron_domain|jackmail-newsletters
Emails & Newsletters with Jackmail|jackmail_cron_notifications|jackmail-newsletters
Emails & Newsletters with Jackmail|jackmail_cron_progress_campaigns|jackmail-newsletters
Emails & Newsletters with Jackmail|jackmail_cron_progress_contacts_blacklist|jackmail-newsletters
Emails & Newsletters with Jackmail|jackmail_cron_scenarios|jackmail-newsletters
Emails & Newsletters with Jackmail|jackmail_cron_woocommerce_email_notification|jackmail-newsletters
Embed Plus Plugin for YouTube, with YouTube Gallery, Channel, Playlist, Live Stream, Facade|ytvi_cron_cache_js_hook|youtube-embed-plus
Embedly|embedly_revalidate_account|embedly
EmbedPress|embedpress_backup_cleanup_action|embedpress
EmbedPress|embedpress_cache_cleanup_action|embedpress
Enable Accessibility|enable_update_license_data|enable-accessibility
Enable jQuery Migrate Helper|enable_jquery_migrate_helper_notification|enable-jquery-migrate-helper
Enjoy Social Feed plugin for WordPress website|ei_twicedaily|enjoy-instagram-instagram-responsive-images-gallery-and-carousel
Entry Expiration for Gravity Forms|gf_entryexpiration_delete_old_entries|gravity-forms-entry-expiration
Entry Expiration for Gravity Forms|gf_entryexpiration_maybe_expire|gravity-forms-entry-expiration
Error Log Viewer by BestWebSoft|rrrlgvwr_shedule_event|error-log-viewer
Essential Real Estate|ere_per_listing_check_expire|essential-real-estate
Essential Real Estate|ere_saved_search_check_result|essential-real-estate
EU/UK VAT Compliance Assistant for WooCommerce|wceuvat_background_tests|woocommerce-eu-vat-compliance
Event Organiser|eventorganiser_delete_expired|event-organiser
Events Made Easy|eme_cron_cleanup_actions|events-made-easy
Events Made Easy|eme_cron_cleanup_unconfirmed|events-made-easy
Events Made Easy|eme_cron_cleanup_unpaid|events-made-easy
Events Made Easy|eme_cron_cleanup_unpayed|events-made-easy
Events Made Easy|eme_cron_daily_actions|events-made-easy
Events Made Easy|eme_cron_events_daily_actions|events-made-easy
Events Made Easy|eme_cron_gdpr_daily_actions|events-made-easy
Events Made Easy|eme_cron_member_daily_actions|events-made-easy
Events Made Easy|eme_cron_reminder_unpaid|events-made-easy
Events Made Easy|eme_cron_send_new_events|events-made-easy
Events Made Easy|eme_cron_send_queued|events-made-easy
Evergreen Countdown Timer|icp_session_garbage_collection|intelly-countdown
EWWW Image Optimizer|ewww_image_optimizer_relative_migration|ewww-image-optimizer
EWWW Image Optimizer|ewww_image_optimizer_site_report|ewww-image-optimizer
EWWW Image Optimizer|hourly|ewww-image-optimizer
ExactMetrics|exactmetrics_admin_notifications_update|google-analytics-dashboard-for-wp
ExactMetrics|exactmetrics_email_summaries_cron|google-analytics-dashboard-for-wp
ExactMetrics|exactmetrics_usage_tracking_cron|google-analytics-dashboard-for-wp
Expire Users|expire_user_cron|expire-users
Expiring Posts|exp_expire_post_event|expiring-posts
Export customers list csv for WooCommerce, WordPress users csv, export Guest customer list|pisol_ewcl_clear_old_files|export-woocommerce-customer-list
Export WP Page to Static HTML/CSS|wpptsh_daily_schedules|export-wp-page-to-static-html
EZ SQL Reports Shortcode Widget and DB Backup|ELISQLREPORTS_daily_backup|elisqlreports
EZ SQL Reports Shortcode Widget and DB Backup|ELISQLREPORTS_hourly_backup|elisqlreports
ezCache|ezcache_clear_expired_cache|ezcache
ezCache|ezcache_convert_images_to_webp_cron|ezcache
Feeds for YouTube|sbspf_feed_update|feeds-for-youtube
Feeds for YouTube|sby_cron_job|feeds-for-youtube
Feeds for YouTube|sby_feed_update|feeds-for-youtube
Feeds for YouTube|sby_notification_update|feeds-for-youtube
File Away|fileaway_scheduled_cleanup|file-away
File Away|fileaway_scheduled_compiled_stats|file-away
File Away|fileaway_scheduled_record_lifespan|file-away
File Away|fileaway_scheduled_record_limit|file-away
File Away|fileaway_scheduled_rss_feeds|file-away
FileBird|filebird_remove_zip_files|filebird
Finale Lite|wcct_clear_goaldeal_stock_meta_keys|finale-woocommerce-sales-countdown-timer-discount
Finale Lite|wcct_schedule_reset_state|finale-woocommerce-sales-countdown-timer-discount
Five Star Restaurant Reservations|rtb_cron_jobs|restaurant-reservations
Flamingo|flamingo_daily_cron_job|flamingo
Flexmls® IDX Plugin|flexmls_hourly_cache_cleanup|flexmls-idx
Flow-Flow Social Feed Stream|flow_flow_check_facebook_token|flow-flow-social-streams
Flow-Flow Social Feed Stream|flow_flow_load_cache|flow-flow-social-streams
Flow-Flow Social Feed Stream|flow_flow_load_cache_4disabled|flow-flow-social-streams
Fluent Support|fluent_support_daily_tasks|fluent-support
Fluent Support|fluent_support_hourly_tasks|fluent-support
Fluent Support|fluent_support_weekly_tasks|fluent-support
Formidable Form Builder|formidable_send_usage|formidable
Forminator|forminator_general_data_protection_cleanup|forminator
Forminator|forminator_send_export|forminator
Forminator|schedule_delete_temp_files_cron|forminator
Free Downloads WooCommerce|somdn_delete_download_files_event|download-now-for-woocommerce
Free SSL Certificate Plugin for WordPress|auto_install_free_ssl_daily_event|auto-install-free-ssl
Freesoul Deactivate Plugins|eos_dp_cron|freesoul-deactivate-plugins
Funnel Builder for WordPress|bwf_maybe_track_usage_scheduled|funnel-builder
Funnel Builder for WordPress|wffn_remove_orphaned_transients|funnel-builder
Funnel Builder for WordPress|woofunnels_license_check|funnel-builder
Funnel Builder for WordPress|woofunnels_maybe_track_usage_scheduled|funnel-builder
Furgonetka.pl|furgonetka_daily_event|furgonetka
FV Antispam|fv_clean_trash_hourly|fv-antispam
FV Flowplayer Video Player|fv_flowplayer_checker_event|fv-wordpress-flowplayer
FV Flowplayer Video Player|fv_player_stats|fv-wordpress-flowplayer
FV Gravatar Cache|fv_gravatar_cache_cron|fv-gravatar-cache
Gallery|emg_auto_update|easy-media-gallery
Gallery for Social Photo|gifeed_auto_update|feed-instagram-lite
Gallery MaxGalleria|mg_task_hook|maxgalleria
GD Rating System|gdrts_cron_daily_maintenance_job|gd-rating-system
GDPR|clean_gdpr_data_breach_request|gdpr
GDPR|clean_gdpr_user_request_key|gdpr
GDPR Tools|fhw_dsgvo_kommentare_rotation|dsgvo-tools-kommentar-ip-entfernen
GEO my WordPress|gmw_clear_expired_transients|geo-my-wp
GEO my WordPress|gmw_daily_scheduled_events|geo-my-wp
GEO my WordPress|gmw_hourly_scheduled_events|geo-my-wp
GEO my WordPress|gmw_weekly_scheduled_events|geo-my-wp
Geolocation IP Detection|geoipdetectccpaupdate|geoip-detect
Geolocation IP Detection|geoipdetectupdate|geoip-detect
GeoTargeting Lite|geot_maxmind_cron|geotargeting
Germanized for WooCommerce|woocommerce_gzd_customer_cleanup|woocommerce-germanized
Germanized for WooCommerce|woocommerce_gzd_trusted_shops_reviews|woocommerce-germanized
GetResponse for WordPress|getresponse_jobs|getresponse-integration
Getwid|getwid_refresh_instagram_token|getwid
Gianism|gianism_bot|gianism
Gift Cards|wpgv_check_voucher_status|gift-voucher
Github Embed|github_embed_cron|github-embed
Giveaways and Contests by RafflePress|rafflepress_notifications_remote|rafflepress
GiveWP|give_daily_scheduled_events|give
GiveWP|give_monthly_scheduled_events|give
GiveWP|give_thricely_scheduled_events|give
GiveWP|give_weekly_scheduled_events|give
Global Translator|gltr_translate|global-translator
Google Fonts For WordPress|gfonts_cron|free-google-fonts
Google Sitemaps XML|sm_ping_daily|google-sitemap-xml
Gravitec.net|gravitecnet_abandoned_cart|gravitec-net-web-push-notifications
Gravity PDF|gfpdf_|gravity-forms-pdf-extended
Gravity PDF|gfpdf_cleanup_tmp_dir|gravity-forms-pdf-extended
Group Chat & Video Chat by AtomChat|atomchat_buddypress_groups_sync_scheduler|atomchat
Grow Social|dpsp_cron_update_serial_key_status|social-pug
Grow Social|mv_grow_sync_data|social-pug
GTG Product Feed for Shopping|gg_woo_feed_generate_feed|gg-woo-feed
GTG Product Feed for Shopping|gg_woo_feed_update|gg-woo-feed
GTmetrix for WordPress|gfw_daily_event|gtmetrix-for-wordpress
GTmetrix for WordPress|gfw_hourly_event|gtmetrix-for-wordpress
GTmetrix for WordPress|gfw_monthly_event|gtmetrix-for-wordpress
GTmetrix for WordPress|gfw_weekly_event|gtmetrix-for-wordpress
Gutenberg Blocks by Kadence Blocks|delete_block_library_folder|kadence-blocks
Hacklog Down As PDF|dap_clear_cache_daily_event|down-as-pdf
HD Quiz|hdq_check_for_updates|hd-quiz
Hotel Booking Lite|mphb_wp_session_garbage_collection|motopress-hotel-booking-lite
Human Presence|human_presence_autoprotect_scan|ellipsis-human-presence-technology
Hummingbird|wphb_clear_logs|hummingbird-performance
Hummingbird|wphb_database_cleanup|hummingbird-performance
Hummingbird|wphb_minify_clear_files|hummingbird-performance
Hummingbird|wphb_minify_process_queue|hummingbird-performance
Hustle|hustle_aweber_token_refresh|wordpress-popup
Hustle|hustle_general_data_protection_cleanup|wordpress-popup
Hyper Cache|hyper_cache_clean|hyper-cache
Hyper Cache Extended|hyper_clean|hyper-cache-extended
iChart|wp_schedule_event|ichart
IgnitionDeck Crowdfunding & Commerce|schedule_twicedaily_idf_cron|ignitiondeck
Image optimization & Lazy Load by Optimole|optml_daily_sync|optimole-wp
Image Slider|ewic_auto_update|image-slider-widget
ImageRecycle pdf & image compression|wpio_auto_optimize_hourly|imagerecycle-pdf-image-compression
IMGspider|wb_imgspy_auto_save_image|imgspider
Import and export users and customers|acui_cron_process|import-users-from-csv-with-meta
Import Eventbrite Events|iee_run_scheduled_import|import-eventbrite-events
IMPress for IDX Broker|idx_create_idx_pages|idx-broker-platinum
IMPress for IDX Broker|idx_delete_idx_pages|idx-broker-platinum
IMPress for IDX Broker|idx_omnibar_get_locations|idx-broker-platinum
IMPress for IDX Broker|impress_agents_idx_update|idx-broker-platinum
IMPress for IDX Broker|wp_listings_gmb_auto_post|idx-broker-platinum
IMPress for IDX Broker|wp_listings_idx_auto_import|idx-broker-platinum
IMPress for IDX Broker|wp_listings_idx_update|idx-broker-platinum
Impressum|impressum_twice_daily_cron|impressum
Inazo’s flamingo automatically delete old messages|inazo_flamingo_auto_trash_cron_task_daily|inazo-flamingo-automatically-delete-old-messages
InfiniteWP Client|IWP_backup|iwp-client
InfiniteWP Client|IWP_backup_database|iwp-client
InfiniteWP Client|iwp_client_backup_tasks|iwp-client
Inline Image Upload for BBPress|hm_bbpui_clean_temp_dir|image-upload-for-bbpress
Inline Related Posts|irp_daily_scheduled_events|intelly-related-posts
Inline Related Posts|irp_weekly_scheduled_events|intelly-related-posts
Insights from Google PageSpeed|googlepagespeedinsightsworker|google-pagespeed-insights
Insights from Google PageSpeed|gpi_prune_logs|google-pagespeed-insights
Inspiry Memberships for RealHomes|ims_cancel_expired_users_packages|inspiry-memberships
Integration Rede for WooCommerce|update_rede_orders|woo-rede
Intelligence|intel_cron_hook|intelligence
Intelligence|intel_cron_queue_hook|intelligence
Interactive Content|h5p_daily_cleanup|h5p
IP Based Login|ipbl_sync_cron_action|ip-based-login
IP2Location Country Blocker|ip2location_country_blocker_hourly_event|ip2location-country-blocker
IP2Location Redirection|ip2location_redirection_hourly_event|ip2location-redirection
iThemes Security|bwps_backup|better-wp-security
iThemes Security|itsec_digest_email|better-wp-security
iThemes Sync|ithemes_sync_daily_schedule|ithemes-sync
Jetpack|grunion_scheduled_delete|jetpack
Jetpack|jetpack_clean_nonces|jetpack
Jetpack|jetpack_heartbeat|jetpack
Jetpack|jetpack_sync_cron|jetpack
Jetpack|jetpack_sync_send_db_checksum|jetpack
Jetpack|jp_purge_transients_cron|jetpack
Jetpack|jp_sitemap_cron_hook|jetpack
Jetpack|wordads_cron_status|jetpack
Jetpack|wp_maybe_auto_update|jetpack
Jetpack CRM|jpcrm_cron_watcher|zero-bs-crm
Jilt for WooCommerce|wc_jilt_coupon_cleanup|jilt-for-woocommerce
Jilt for WooCommerce|wc_jilt_shop_update|jilt-for-woocommerce
Job Board Manager|job_bm_cron_expired_check|job-board-manager
Job Board Manager|job_bm_cron_update_expire_date|job-board-manager
JobBoardWP|jb_check_for_expired_jobs|jobboardwp
JobBoardWP|jb_check_for_reminder_expired_jobs|jobboardwp
JobBoardWP|jb_delete_old_previews|jobboardwp
JobBoardWP|jb_delete_temp_files|jobboardwp
JS Help Desk|jsst_delete_expire_session_data|js-support-ticket
JS Help Desk|jssupporticket_ticketviaemail|js-support-ticket
JS Help Desk|jssupporticket_updateticketstatus|js-support-ticket
Keap Official Opt-in Forms|infusionsoft_lists_auto_refresh|infusionsoft-official-opt-in-forms
Keap Official Opt-in Forms|infusionsoft_stats_auto_refresh|infusionsoft-official-opt-in-forms
Kiyoh / Klantenvertellen|cron_send_order_invite_emails|kiyoh-klantenvertellen
Knawat WooCommerce DropShipping|knawat_dropshipwc_run_product_import|dropshipping-woocommerce
Knawat WooCommerce DropShipping|knawat_dropshipwc_run_pull_orders|dropshipping-woocommerce
Knit Pay|knit_pay_razorpay_refresh_access_token|knit-pay
Koko Analytics|koko_analytics_aggregate_stats|koko-analytics
Koko Analytics|koko_analytics_prune_data|koko-analytics
kStats Reloaded|kstats_aggregate_hook|kstats-reloaded
Landing Page Cat|fca_lpc_license_check|landing-page-cat
Landing Page Cat|fca_lpc_schedule_review_notice|landing-page-cat
Leaflet Maps Marker|lmm_wp_session_garbage_collection|leaflet-maps-marker
Leaky Paywall|leaky_paywall_process_renewal_reminder|leaky-paywall
LearnPress|learn_press_cleanup_sessions|learnpress
LH Archived Post Status|lh_archived_post_status_run|lh-archived-post-status
LifterLMS|llms_check_for_expired_memberships|lifterlms
LifterLMS|llms_end_idle_sessions|lifterlms
LifterLMS|llms_helper_check_license_keys|lifterlms
Lightbox with PhotoSwipe|lbwps_cleanup|lightbox-photoswipe
Lightweight Cookie Notice|daextlwcnf_cron_hook|lightweight-cookie-notice-free
Limit Attempts by BestWebSoft|lmtttmpts_daily_log_clear|limit-attempts
Limit Attempts by BestWebSoft|lmtttmpts_daily_statistics_clear|limit-attempts
Limit Attempts by BestWebSoft|lmtttmpts_event_for_reset_block|limit-attempts
Limit Login Attempts|file_cron_hook|miniorange-limit-login-attempts
Liveblog|auto_archive_check_hook|liveblog
LocalWeb All In One|lw_all_in_one_cf7_sync|lw-all-in-one
LocalWeb All In One|lw_all_in_one_data_retention|lw-all-in-one
LocalWeb All In One|lw_all_in_one_single_event|lw-all-in-one
Log HTTP Requests|lhr_cleanup_cron|log-http-requests
Logbook|logbook_scheduled_event|logbook
Lord of the Files|cron_get_remote_contributors|blob-mimes
LWSCache|rt_wp_lws_cache_check_log_file_size_daily|lwscache
MagicForm|update_options_action_hook|magicform
MagicForm|update_posts_action_hook|magicform
MagicForm|wpcf_check_mail_service|magicform
MagicForm|wpcf_check_uptime_service|magicform
Mail Bank|mail_bank_scheduler_run|wp-mail-bank
Mailjet Email Marketing|abandoned_cart_cron_hook|mailjet-for-wordpress
Mailjet Email Marketing|bl_cron_hook|mailjet-for-wordpress
MailPoet Newsletters|wysija_cron_bounce|wysija-newsletters
MailPoet Newsletters|wysija_cron_daily|wysija-newsletters
MailPoet Newsletters|wysija_cron_monthly|wysija-newsletters
MailPoet Newsletters|wysija_cron_queue|wysija-newsletters
MailPoet Newsletters|wysija_cron_weekly|wysija-newsletters
MailPress|mp_schedule_newsletters|mailpress
Mailster AmazonSES Integration|mailster_amazonses_cron|mailster-amazonses
Mailster Mailgun Integration|mailster_mailgun_cron|mailster-mailgun
Mailster SendGrid Integration|mailster_sendgrid_cron|mailster-sendgrid
MainWP Child|backupbuddy_cron|mainwp-child
MainWP Child|mainwp_child_pagespeed_cron_check|mainwp-child
MainWP Child|mainwp_child_wordfence_cron_scan|mainwp-child
MainWP Child Reports|wp_mainwp_stream_auto_purge|mainwp-child-reports
MainWP Dashboard|mainwp_cronbackups_action|mainwp
MainWP Dashboard|mainwp_cronbackups_continue_action|mainwp
MainWP Dashboard|mainwp_croncheckstatus_action|mainwp
MainWP Dashboard|mainwp_cronsitehealthcheck_action|mainwp
MakeCommerce for WooCommerce|mc_banklinks_update_cron|makecommerce
Malcure WP Malware Scanner & Firewall|wpmr_daily|wp-malware-removal
Malcure WP Malware Scanner & Firewall|wpmr_hourly|wp-malware-removal
ManageWP Worker|mwp_backup_tasks|worker
ManageWP Worker|mwp_check_for_post_update|worker
ManageWP Worker|mwp_update_public_keys|worker
Market Exporter|market_exporter_cron|market-exporter
Maspik|contact_forms_anti_spam_add_weekly|contact-forms-anti-spam
MasterStudy LMS|stm_listing_cron|masterstudy-lms-learning-management-system
MBE e-LINK|closure_event|mail-boxes-etc
MC4WP|mc4wp_usage_tracking|mailchimp-for-wp
Media Cloud for Amazon S3, Imgix, Google Cloud Storage, DigitalOcean Spaces and more|mcloud_run_batch|ilab-media-tools
Media Library Folders|new_folder_check|media-library-plus
MediaPress|mpp_cleanup_schedule|mediapress
Mediavine Control Panel|get_ad_text_cron_event|mediavine-control-panel
Memberful WP|memberful_wp_cron_sync|memberful-wp
Members|members_admin_notifications_update|members
Membership & Content Restriction|pms_check_subscription_status|paid-member-subscriptions
Membership & Content Restriction|pms_cron_process_member_subscriptions_payments|paid-member-subscriptions
Membership & Content Restriction|pms_cron_process_pending_payments|paid-member-subscriptions
Membership & Content Restriction|pms_remove_activation_key|paid-member-subscriptions
Membership & Content Restriction|pms_usage_tracker_event|paid-member-subscriptions
Merge + Minify + Refresh|mmr_minify_check|merge-minify-refresh
Microblog Poster|microblogposter_plg_old_posts_publish|microblog-poster
Migrate WordPress Website & Backups|primeMoverDeleteSymlinkEvent|prime-mover
MihanPanel|mihanpanel_session|mihanpanel-lite
Mini Program API|wp_miniprogram_tencent_comment_approved|wp-mini-program
Mini Program API|wp_miniprogram_tencent_comment_reply|wp-mini-program
Mini Program API|wp_miniprogram_wechat_comment_approved|wp-mini-program
Mini Program API|wp_miniprogram_wechat_comment_reply|wp-mini-program
Mini Program API|wp_post_tencent_notice_event|wp-mini-program
Mini Program API|wp_post_wechat_notice_event|wp-mini-program
miniOrange's Google Authenticator|mo_eb_bl_cron_hook|miniorange-2-factor-authentication
miniOrange's Google Authenticator|mo_eb_file_cron_hook|miniorange-2-factor-authentication
miniOrange's Google Authenticator|mo2f_realtime_ip_block_free_hook|miniorange-2-factor-authentication
Mollie Payments for WooCommerce|pending_payment_confirmation_check|mollie-payments-for-woocommerce
Moloni|moloniProductsSync|moloni
MonsterInsights|monsterinsights_admin_notifications_update|google-analytics-for-wordpress
MonsterInsights|monsterinsights_daily_cron|google-analytics-for-wordpress
MonsterInsights|monsterinsights_send_tracking_checkin|google-analytics-for-wordpress
MonsterInsights|monsterinsights_send_tracking_data|google-analytics-for-wordpress
MonsterInsights|monsterinsights_usage_tracking_cron|google-analytics-for-wordpress
MonsterInsights|monsterinsights_weekly_cron|google-analytics-for-wordpress
MonsterInsights|yst_ga_aggregate_data|google-analytics-for-wordpress
Mooberry Book Manager|mbdb_check_for_itunes_links|mooberry-book-manager
Moota WooCommerce|moota_autochange_status_order|moota-woocommerce
Motors|stm_cron_hook|motors-car-dealership-classified-listings
Multi Step Form|msf_cron_upload_clean|multi-step-form
Multibanco, MB WAY, Credit card and Payshop|wc_ifthen_hourly_cron|multibanco-ifthen-software-gateway-for-woocommerce
MultiParcels Shipping For WooCommerce|multiparcels_automatic_confirmation_cron|multiparcels-shipping-for-woocommerce
MultiParcels Shipping For WooCommerce|multiparcels_update_data_cron|multiparcels-shipping-for-woocommerce
Multiple Page Generator Plugin|mpg_schedule_execution|multiple-pages-generator-by-porthas
Multivendor Marketplace Solution for WooCommerce|masspay_cron_start|dc-woocommerce-multi-vendor
Multivendor Marketplace Solution for WooCommerce|migrate_multivendor_order_table|dc-woocommerce-multi-vendor
Multivendor Marketplace Solution for WooCommerce|migrate_spmv_multivendor_table|dc-woocommerce-multi-vendor
Multivendor Marketplace Solution for WooCommerce|vendor_monthly_order_stats|dc-woocommerce-multi-vendor
Multivendor Marketplace Solution for WooCommerce|vendor_weekly_order_stats|dc-woocommerce-multi-vendor
Multivendor Marketplace Solution for WooCommerce|wcmp_orders_migration|dc-woocommerce-multi-vendor
Multivendor Marketplace Solution for WooCommerce|wcmp_spmv_excluded_products_map|dc-woocommerce-multi-vendor
Multivendor Marketplace Solution for WooCommerce|wcmp_spmv_product_meta_update|dc-woocommerce-multi-vendor
My Agile Privacy|my_agile_privacy_do_cron_sync_hook|myagileprivacy
My Agile Privacy|my_agile_privacy_do_cron_sync_install_counter|myagileprivacy
My Agile Privacy|my_agile_privacy_do_cron_sync_twice_day_hook|myagileprivacy
MyBookTable Bookstore by Stormhill Media|mbt_periodic_api_key_check|mybooktable
MyBookTable Bookstore by Stormhill Media|mbt_periodic_tracking|mybooktable
myCred|mycred_reset_key|mycred
myCred|mycred_send_email_notices|mycred
MyCryptoCheckout|mycryptocheckout_hourly|mycryptocheckout
MyCryptoCheckout|mycryptocheckout_retrieve_account|mycryptocheckout
MyCurator Content Curation|mct_ai_cron_process|mycurator
MyCurator Content Curation|mct_ai_cron_rqstproc|mycurator
myPOS Checkout for WooCommerce|mypos_check_payment_status|mypos-virtual-for-woocommerce
MyRewards|lws_woorewards_daily_event|woorewards
N-Media MailChimp Subscription|setup_styles_and_scripts_nm_mailchimp|nmedia-mailchimp-widget
Nelio Content|nelio_content_analytics_month_cron_hook|nelio-content
Nelio Content|nelio_content_analytics_other_cron_hook|nelio-content
Nelio Content|nelio_content_analytics_today_cron_hook|nelio-content
Nelio Content|nelio_content_analytics_top_cron_hook|nelio-content
Newsletter|newsletter|newsletter
Newsletter & Bulk Email Sender|bulkmail_auto_post_thumbnail|newsletter-bulk-email
Newsletter & Bulk Email Sender|bulkmail_copy_backgrounds|newsletter-bulk-email
Newsletter & Bulk Email Sender|bulkmail_copy_template|newsletter-bulk-email
Newsletter & Bulk Email Sender|bulkmail_cron|newsletter-bulk-email
Newsletter & Bulk Email Sender|bulkmail_cron_autoresponder|newsletter-bulk-email
Newsletter & Bulk Email Sender|bulkmail_cron_bounce|newsletter-bulk-email
Newsletter & Bulk Email Sender|bulkmail_cron_cleanup|newsletter-bulk-email
Newsletter & Bulk Email Sender|bulkmail_cron_worker|newsletter-bulk-email
Newsletter & Bulk Email Sender|bulkmail_get_screenshots|newsletter-bulk-email
Newsletter & Bulk Email Sender|bulkmail_location_update|newsletter-bulk-email
Newsletter & Bulk Email Sender|bulkmail_subscriber_notification|newsletter-bulk-email
Newsletter & Bulk Email Sender|bulkmail_unsubscribe_notification|newsletter-bulk-email
Newsletter & Bulk Email Sender|mymail_cron|newsletter-bulk-email
Newsletter & Bulk Email Sender|mymail_cron_worker|newsletter-bulk-email
Newsletters|newsletters_emailarchivehook|newsletters-lite
Newsletters|newsletters_latestposts|newsletters-lite
Newsletters|newsletters_optimizehook|newsletters-lite
NewStatPress|nsp_mail_notification|newstatpress
NextMove Lite|xl_new_maybe_track_usage_scheduled|woo-thank-you-page-nextmove-lite
NextScripts|nxs_hourly_event|social-networks-auto-poster-facebook-twitter-g
NextScripts|nxs_querypost_event|social-networks-auto-poster-facebook-twitter-g
Nginx Helper|rt_wp_nginx_helper_check_log_file_size_daily|nginx-helper
Ninja Beaver Add-ons for Beaver Builder|njba_usage_event|ninja-beaver-lite-addons-for-beaver-builder
Ninja Forms Contact Form|nf_email_telemetry_push|ninja-forms
Ninja Forms Contact Form|nf_marketing_feed_cron|ninja-forms
Ninja Forms Contact Form|nf_optin_cron|ninja-forms
Ninja Forms Contact Form|nf_submission_expiration_cron|ninja-forms
Ninja Forms Contact Form|nf_weekly_promotion_update|ninja-forms
Ninja Forms Contact Form|ninja_forms_daily_action|ninja-forms
Ninja Forms Contact Form|wp_session_garbage_collection|ninja-forms
NinjaFirewall|nfdailyreport|ninjafirewall
NinjaFirewall|nfscanevent|ninjafirewall
NinjaFirewall|nfsecupdates|ninjafirewall
NinjaFirewall|nfwgccron|ninjafirewall
NinjaScanner|nscan_garbage_collector|ninjascanner
NinjaScanner|nscan_scheduled_scan|ninjascanner
NOAA Weather|Get_NOAA_Weather|noaa-weather
Nomiddleman Bitcoin and Crypto Payments for WooCommerce|NMM_cron_hook|nomiddleman-crypto-payments-for-woocommerce
Notification for Telegram|nftb_cron_hook|notification-for-telegram
NotificationX|weekly_email_reporting|notificationx
NP Quote Request WooCommerce|RFQTK_php_session_daily_garbage_collection|woo-rfq-for-woocommerce
NP Quote Request WooCommerce|rfqtk_wp_session_daily_garbage_collection|woo-rfq-for-woocommerce
Oasis Workflow|oasiswf_email_schedule|oasis-workflow
OAuth Single Sign On|check_if_wp_rest_apis_are_open|miniorange-login-with-eve-online-google-facebook
Ocean Extra|add_second_notice|ocean-extra
Oliver POS|oliver_sync_records|oliver-pos
Omnisend for WooCommerce|omnisend_batch_check|omnisend-connect
Omnisend for WooCommerce|omnisend_init_categories_sync|omnisend-connect
Omnisend for WooCommerce|omnisend_init_contacts_sync|omnisend-connect
Omnisend for WooCommerce|omnisend_init_orders_sync|omnisend-connect
Omnisend for WooCommerce|omnisend_init_products_sync|omnisend-connect
One Click Upsell Funnel for WooCommerce|wps_wocuf_lite_order_cron_schedule|woo-one-click-upsell-funnel
One User Avatar | User Profile Picture|wpua_has_gravatar_cron_hook
OnePress Image Elevator|onp_check_upadates_|image-elevator
Online Lesson Booking|olb_cron|online-lesson-booking-system
Opal Membership|opalmembership_check_subscription_status|opal-membership
OpenID|cleanup_openid|openid
Optimize Database after Deleting Revisions|odb_scheduler|rvg-optimize-database
Orders Tracking for WooCommerce|vi_wot_refresh_track_info|woo-orders-tracking
Orders Tracking for WooCommerce|vi_wot_send_mails_for_import_csv_function|woo-orders-tracking
Original texts Yandex WebMaster|ortextya_cron|original-texts-yandex-webmaster
Page View Count|pvc_empty_daily_table_daily_event_hook|page-views-count
PageSpeed Ninja|pagespeedninja_daily_event|psn-pagespeed-ninja
Paid Memberships Pro|pmpro_cron_expire_memberships|paid-memberships-pro
Parse.ly|parsely_bulk_metas_update|wp-parsely
Patreon WordPress|patreon_five_minute_action|patreon-connect
Pay with Vipps for WooCommerce|vipps_cron_cleanup_hook|woo-vipps
Pay with Vipps for WooCommerce|vipps_cron_missing_callback_hook|woo-vipps
PayGate PayWeb for WooCommerce|paygate_query_cron_hook|paygate-payweb-for-woocommerce
Payment forms, Buy now buttons and Invoicing System | GetPaid|getpaid_daily_maintenance
PDF Forms Filler for CF7|wpcf7_pdf_forms_cron|pdf-forms-for-contact-form-7
PDF Invoices and Packing Slips For WooCommerce|apifw_invoice_delete_cron|pdf-invoices-and-packing-slips-for-woocommerce
PG-ALL 워드프레스 결제|pafw_cancel_unpaid_order_hook|pgall-for-woocommerce
PG-ALL 워드프레스 결제|pafw_cron|pgall-for-woocommerce
Photo Feed|pf_cron_hook|photo-feed
Photo Gallery by 10Web|bwg_schedule_event_hook|photo-gallery
Photonic Gallery & Lightbox for Flickr, SmugMug, Google Photos & Others|photonic_token_monitor|photonic
PHP Compatibility Checker|wpephpcompat_start_test_cron|php-compatibility-checker
PickPlugins Product Slider for WooCommerce|wcps_cron_reset_migrate|woocommerce-products-slider
PickPlugins Product Slider for WooCommerce|wcps_cron_upgrade_settings|woocommerce-products-slider
Pix Automático com Pagarme para WooCommerce|wc_pagarme_pix_payment_schedule|wc-pagarme-pix-payment
Pix por Piggly|pgly_cron_wc_piggly_pix_processing|pix-por-piggly
Pixel Cat|fca_pc_schedule_review_notice|facebook-conversion-pixel
Platinum SEO|psp_vlk|platinum-seo-pack
Platinum SEO|pspp_links_cron_hook|platinum-seo-pack
Plugin Security Scanner|plugin_security_scanner_daily_event_hook|plugin-security-scanner
Plus WebP|AllImagesRegenerateHook|plus-webp
Podcast Importer SecondLine|secondline_import_cron_process_queue|podcast-importer-secondline
Podcast Importer SecondLine|secondline_importer_cron|podcast-importer-secondline
Podlove Podcast Publisher|cron_job_worker|podlove-podcasting-plugin-for-wordpress
Podlove Podcast Publisher|podlove_analytics_heartbeat|podlove-podcasting-plugin-for-wordpress
Podlove Podcast Publisher|podlove_asset_validation|podlove-podcasting-plugin-for-wordpress
Podlove Podcast Publisher|podlove_calc_daily_download_sums|podlove-podcasting-plugin-for-wordpress
Podlove Podcast Publisher|podlove_calc_download_sums|podlove-podcasting-plugin-for-wordpress
Podlove Podcast Publisher|podlove_calc_hourly_download_sums|podlove-podcasting-plugin-for-wordpress
Podlove Podcast Publisher|podlove_cleanup_download_intents|podlove-podcasting-plugin-for-wordpress
Podlove Podcast Publisher|podlove_cleanup_logging_table|podlove-podcasting-plugin-for-wordpress
Podlove Podcast Publisher|podlove_geoip_db_update|podlove-podcasting-plugin-for-wordpress
Podlove Podcast Publisher|podlove_jobs_clean|podlove-podcasting-plugin-for-wordpress
Podlove Podcast Publisher|podlove_salt_download_intents|podlove-podcasting-plugin-for-wordpress
Podlove Podcast Publisher|podlove_validate_image_cache|podlove-podcasting-plugin-for-wordpress
Podlove Podcast Publisher|recalculate_episode_download_average|podlove-podcasting-plugin-for-wordpress
Pods|put_do_weekly_action|pods
Points and Rewards for WooCommerce|wps_wpr_check_for_notification_update|points-and-rewards-for-woocommerce
Polylang|polylang_check_licenses|polylang
Popularity Posts Widget|ppw_cache_event|popularity-posts-widget
Popup Builder|sgpb_send_newsletter|popup-builder
Popup Builder|sgpbGetNotifications|popup-builder
Popup Builder|enoty_auto_update|easy-notify-lite
Popup Maker|pum_daily_scheduled_events|popup-maker
Popup Maker|pum_weekly_scheduled_events|popup-maker
Popup Maker|sgpm_fetch_notifications|popup-maker-wp
Popup, Optin Form & Email Newsletters for Mailchimp, HubSpot, AWeber|mo_daily_recurring_job|mailoptin
Popup, Optin Form & Email Newsletters for Mailchimp, HubSpot, AWeber|mo_hourly_recurring_job|mailoptin
Popup, Optin Form & Email Newsletters for Mailchimp, HubSpot, AWeber|mo_twice_daily_recurring_job|mailoptin
Popups for Divi|dm_admin_cron_notice_check|popups-for-divi
Popups, Welcome Bar, Optins and Lead Generation Plugin|cleanup|icegram
Post Pay Counter|ppcp_cron_check_activation|post-pay-counter
Post Views Counter|pvc_flush_cached_counts|post-views-counter
Post Views Counter|pvc_reset_counts|post-views-counter
Post, Registration and Profile Form Builder|wp_scheduled_auto_draft_delete|buddyforms
Postie|check_postie_hook|postie
Postmark for WordPress|pm_log_cron_job|postmark-approved-wordpress-plugin
Powerkit|event_access_token_refresh|powerkit
PowerPack Addons for Elementor|pp_recurring_cron_job|powerpack-lite-for-elementor
PowerPress Podcasting plugin by Blubrry|powerpress_admin_migration_hook|powerpress
PowerPress Podcasting plugin by Blubrry|updateProgram|powerpress
PPOM for WooCommerce|do_action_remove_images|woocommerce-product-addon
PPOM for WooCommerce|setup_styles_and_scripts_wooproduct|woocommerce-product-addon
Predictive Search for WooCommerce|wc_predictive_search_sync_data_scheduled_jobs|woocommerce-predictive-search
Premium Packages|wpdmpp_cron|wpdm-premium-packages
Preorders for WooCommerce|check_for_released_preorders|pre-orders-for-woocommerce
Pretty Links|prli_cleanup_visitor_locks_worker|pretty-link
Price Based on Country for WooCommerce|wcpbc_update_geoip|woocommerce-product-price-based-on-countries
Pricing Deals for WooCommerce|vtprd_once_daily_scheduled_events|pricing-deals-for-woocommerce
Pricing Deals for WooCommerce|vtprd_thrice_daily_scheduled_events|pricing-deals-for-woocommerce
Pricing Deals for WooCommerce|vtprd_twice_daily_scheduled_events|pricing-deals-for-woocommerce
Pricing Table Plugin|arplite_display_sale_upgrade_popup|arprice-responsive-pricing-table
Pricing Tables WordPress Plugin|dh_ptp_schedule_review_notice|easy-pricing-tables
Privacy Policy Generator, Terms & Conditions Generator WordPress Plugin|analytics_tracking_send_data_after_core_update|wplegalpages
Product Catalog Feed by PixelYourSite|wpwoof_feed_update|product-catalog-feed
Product Catalog Feed by PixelYourSite|wpwoof_generate_feed|product-catalog-feed
Product Feed Manager|rex_feed_daily_update|best-woocommerce-feed
Product Feed Manager|rex_feed_schedule_update|best-woocommerce-feed
Product Feed Manager|rex_feed_weekly_update|best-woocommerce-feed
Product Feed on WooCommerce for Google, Awin, Shareasale, Bing, and More|excpf_update_ammoseek_hook|purple-xmls-google-product-feed-for-woocommerce
Product Feed on WooCommerce for Google, Awin, Shareasale, Bing, and More|excpf_update_cartfeeds_hook|purple-xmls-google-product-feed-for-woocommerce
Product Feed on WooCommerce for Google, Awin, Shareasale, Bing, and More|purple_xml_updatefeeds_hook|purple-xmls-google-product-feed-for-woocommerce
Product Feed on WooCommerce for Google, Awin, Shareasale, Bing, and More|the_name_of_my_custom_interval|purple-xmls-google-product-feed-for-woocommerce
Product Feed PRO for WooCommerce|woosea_cron_hook|woo-product-feed-pro
Product Feed PRO for WooCommerce|woosea_deregister_hook|woo-product-feed-pro
Product Filter by WooBeWoo|wpf_calc_meta_indexing|woo-product-filter
Product Filter by WooBeWoo|wpf_calc_meta_indexing_shedule|woo-product-filter
Product Videos for Woocommerce|api_pv_automation_hook|product-videos-for-woocommerce
Professional Social Sharing Buttons, Icons & Related Posts|shareaholic_heartbeat|shareaholic
Professional Social Sharing Buttons, Icons & Related Posts|shareaholic_remove_transients_hourly|shareaholic
ProfileGrid|pm_send_message_notification|profilegrid-user-profiles-groups-and-communities
Pronamic Pay|pronamic_pay_license_check|pronamic-ideal
PropertyHive|propertyhive_process_email_log|propertyhive
PT Addons for Elementor Lite|wp_privacy_delete_old_export_files|pt-elementor-addons-lite
PublishPress Future|postExpiratorExpire|post-expirator
PublishPress Revisions|rvy_mail_buffer_hook|revisionary
Pz-LinkCard|pz_linkcard_alive|pz-linkcard
Pz-LinkCard|pz_linkcard_check|pz-linkcard
Quick Event Manager|qem_pending_cleardown|quick-event-manager
Quiz Cat|fca_qc_schedule_review_notice|quiz-cat
Quttera Web Malware Scanner|qtr_heur_internal_scan_cron_hook|quttera-web-malware-scanner
Quttera Web Malware Scanner|qtr_internal_scan_cron_hook|quttera-web-malware-scanner
RapidLoad Power-Up for Autoptimize|cron_uucss_process_queue|unusedcss
RDP Wiki Embed|rdp_we_cron_hook|rdp-wiki-embed
Realbig For WordPress|rb_cron_hook|realbig-media
RealHomes Currency Switcher|realhomes_update_currencies|realhomes-currency-switcher
Really Simple SSL|rsssl_le_every_day_hook|really-simple-ssl
Really Simple SSL|rsssl_le_every_week_hook|really-simple-ssl
Really Simple SSL|rsssl_ssl_process_hook|really-simple-ssl
Recipe Maker For Your Food Blog from Zip Recipes|zrdn_every_day_hook|zip-recipes
Recipe Maker For Your Food Blog from Zip Recipes|zrdn_every_month_hook|zip-recipes
Recipe Maker For Your Food Blog from Zip Recipes|zrdn_every_week_hook|zip-recipes
Redirection|twicedaily|redirect-redirection
Redis Object Cache|redis_gather_metrics|redis-cache
Redis Object Cache|rediscache_discard_metrics|redis-cache
Reduce HTTP Requests, Disable Emojis & Disable Embeds, Speedup WooCommerce|delete_spam_comments|wp-disable
Reduce HTTP Requests, Disable Emojis & Disable Embeds, Speedup WooCommerce|update_local_ga|wp-disable
RegistrationMagic|pj_wpdb_sessions_gc|custom-registration-form-builder-with-submission-manager
RegistrationMagic|rm_chronos_task_exe_hook|custom-registration-form-builder-with-submission-manager
RegistrationMagic|rm_job_hook|custom-registration-form-builder-with-submission-manager
Related Posts Thumbnails Plugin for WordPress|wpb_logger_cron_|related-posts-thumbnails
Relevanssi|relevanssi_trim_logs|relevanssi
Relevanssi|relevanssi_update_counts|relevanssi
reSmush.it|resmushit_optimize|resmushit-image-optimizer
Responsive Column Widgets|RCWP_action_simplepie_renew_cache|responsive-column-widgets
Restaurant Menu|glf_cron_check_elementor|menu-ordering-reservations
RestaurantPress|restaurantpress_cleanup_sessions|restaurantpress
RestroPress|rpress_daily_scheduled_events|restropress
RestroPress|rpress_weekly_scheduled_events|restropress
Return Refund and Exchange For WooCommerce|wpswings_tracker_send_event|woo-refund-and-exchange-lite
Reviews and Rating|google_business_reviews_rating_run|g-business-reviews-rating
ReviewX|rx_assign_rating_old_comment|reviewx
ReviewX|rx_collect_review_id|reviewx
ReviewX|rx_process_re_calculate|reviewx
Revisr|revisr_cron|revisr
Revive Old Posts|rop_cron_job|tweet-old-post
Rich Table of Contents|rtoc_database_delete|rich-table-of-content
Rishi Companion|delete_fonts_folder|rishi-companion
Rishi Companion|delete_gravatars_folder|rishi-companion
Robokassa payment gateway for Woocommerce|robokassaCRON1|robokassa
Rock Convert|rock_convert_license_check_event|rock-convert
RSFirewall!|rsfirewall_clear_transient|rsfirewall
RSS Aggregator by Feedzy|feedzy_cron|feedzy-rss-feeds
RSVP and Event Management Plugin|wp_simple_nonce_cleanup|rsvp
RY WooCommerce Tools|ry_check_ntp_time|ry-woocommerce-tools
s2Member® Framework|ws_plugin__s2member_auto_eot_system__schedule|s2member
Salon Booking|sl_update_reservation_hotpepper|salon-booking
Salon booking system|sln_cancel_bookings|salon-booking-system
Salon booking system|sln_clean_up_database|salon-booking-system
Salon booking system|sln_email_feedback|salon-booking-system
Salon booking system|sln_email_followup|salon-booking-system
Salon booking system|sln_email_reminder|salon-booking-system
Salon booking system|sln_email_weekly_report|salon-booking-system
Salon booking system|sln_sms_followup|salon-booking-system
Salon booking system|sln_sms_reminder|salon-booking-system
Salon booking system|sln_update_check|salon-booking-system
Salon booking system|sln_update_subscription|salon-booking-system
Salt Shaker|salt_shaker_change_salts|salt-shaker
Seamless Donations|seamless_donations_daily_cron_hook|seamless-donations
Seamless Donations|seamless_donations_hourly_cron_hook|seamless-donations
SearchIQ|siq_delta_sync_cron|searchiq
SearchIQ|siq_delta_sync_cron_stop|searchiq
Security & Malware scan by CleanTalk|spbc_access_key_notices_hook|security-malware-firewall
Security & Malware scan by CleanTalk|spbc_security_firewall_update_hook|security-malware-firewall
Security & Malware scan by CleanTalk|spbc_send_firewall_logs_hook|security-malware-firewall
Security & Malware scan by CleanTalk|spbc_send_logs_hook|security-malware-firewall
Security & Malware scan by CleanTalk|spbc_send_report_hook|security-malware-firewall
Sell Media|sell_media_upgrade_events|sell-media
SendPress Newsletters|sendpress_cron_action|sendpress
SendPress Newsletters|sendpress_notification_daily|sendpress
SendWP|sendwp_heartbeat|sendwp
Sensei LMS|sensei_data_port_garbage_collection|sensei-lms
SEO Booster|sbp_dailymaintenance|seo-booster
SEO Booster|sbp_email_update|seo-booster
SEO Booster|sbp_hourlymaintenance|seo-booster
SEOPress, on-site SEO|seopress_xml_sitemaps_ping_cron|wp-seopress
Seraphinite Accelerator|seraph_accel_cacheClearPeriodically|seraphinite-accelerator
Seriously Simple Podcasting|ssp_bulk_sync_lifterlms_subscribers|seriously-simple-podcasting
Seriously Simple Podcasting|ssp_bulk_sync_subscribers|seriously-simple-podcasting
Seriously Simple Podcasting|ssp_cron_hook|seriously-simple-podcasting
Sezzle Woocommerce Payment|sezzle_daily_data_send_event_cron|sezzle-woocommerce-payment
ShareASale WooCommerce Tracker|shareasale_wc_tracker_generate_scheduled_datafeed|shareasale-wc-tracker
Shared Files|check_expired_files|shared-files
Shared Files|cron_remove_obsolete_file_metadata_automatically|shared-files
Shariff Wrapper|shariff3uu_fill_cache|shariff
Shift8 CDN|shift8_cdn_cron_hook|shift8-cdn
Shipit|isa_add_every_fifteen_minutes|shipit
Shipit|wp_every_one_hour_cron_action|shipit
Shopping Cart & eCommerce Store|wp_easycart_square_renew_token|wp-easycart
Showcase IDX Real Estate Search|showcaseidx_activation|showcase-idx
Showcase IDX Real Estate Search|showcaseidx_cachebust|showcase-idx
Sign-up Sheets|dls_sus_send_reminders|sign-up-sheets
Simple Ajax Chat|sac_cron_truncate|simple-ajax-chat
Simple Automatic Updates|sau_check_updates|simple-automatic-updates
Simple Cache|sc_purge_cache|simple-cache
Simple Event Management|sugar_calendar_cron_hook|sugar-calendar-lite
Simple Giveaways|giveasap_has_ended|giveasap
Simple Giveaways|giveasap_remind_subscribers|giveasap
Simple Login Log|truncate_sll|simple-login-log
Simple Membership|swpm_account_status_event|simple-membership
Simple Membership|swpm_delete_pending_account_event|simple-membership
Simple Newsletter Plugin|noptin_daily_maintenance|newsletter-optin-box
Simple Statistics for Feeds|sfs_create_transients|simple-feed-stats
SimpleShop|ssc_send_user_has_access_to_post_notification|simpleshop-cz
Simply Schedule Appointments|ssa_cron_process_async_actions|simply-schedule-appointments
Simply Static|simply_static_site_export_cron|simply-static
SiteAlert|wphc_daily_scheduled_action|my-wp-health-check
SiteGround Optimizer|siteground_data_collector_cron|sg-cachepress
SiteGround Optimizer|siteground_optimizer_check_assets_dir|sg-cachepress
SiteGround Optimizer|siteground_optimizer_database_optimization_cron|sg-cachepress
SiteGround Optimizer|siteground_optimizer_purge_cron_cache|sg-cachepress
SiteGround Security|sgs_email_cron|sg-security
SiteGround Security|siteground_security_clear_logs_cron|sg-security
Sliced Invoices|sliced_invoices_hourly_tasks|sliced-invoices
Slimstat Analytics|wp_slimstat_purge|wp-slimstat
Slugs Manager|alg_remove_old_slugs_cron|remove-old-slugspermalinks
Smart Marketing SMS and Newsletters Forms|egoi_cron_hook|smart-marketing-for-wp
Smart Online Order for Clover|smart_online_order_import_inventory|clover-online-orders
Smart Online Order for Clover|smart_online_order_update_jwttoken|clover-online-orders
Smart SEO Tool|wb_smart_seo_tool_cron|smart-seo-tool
Smart SEO Tool|wb_sst_ping_daily|smart-seo-tool
Smash Balloon Social Photo Feed|sb_instagram_cron_job|instagram-feed
Smash Balloon Social Photo Feed|sb_instagram_feed_issue_email|instagram-feed
Smash Balloon Social Photo Feed|sb_instagram_twicedaily|instagram-feed
Smash Balloon Social Photo Feed|sbi_feed_update|instagram-feed
Smash Balloon Social Photo Feed|sbi_notification_update|instagram-feed
Smash Balloon Social Photo Feed|sbi_usage_tracking_cron|instagram-feed
Smash Balloon Social Post Feed|cff_cache_cron|custom-facebook-feed
Smash Balloon Social Post Feed|cff_cron_job|custom-facebook-feed
Smash Balloon Social Post Feed|cff_feed_issue_email|custom-facebook-feed
Smash Balloon Social Post Feed|cff_notification_update|custom-facebook-feed
Smash Balloon Social Post Feed|cff_usage_tracking_cron|custom-facebook-feed
Smash Balloon Social Post Feed|group_post_scheduler_cron|custom-facebook-feed
SMS Alert Order Notifications|ab_cart_notification_sendsms_hook|sms-alert
SMS Alert Order Notifications|booking_reminder_sendsms_hook|sms-alert
SMS Alert Order Notifications|smsalert_balance_notify|sms-alert
SMS Alert Order Notifications|smsalert_followup_sms|sms-alert
Smush|smush_update_cdn_stats|wp-smushit
Smush|wdev_logger_clear_logs|wp-smushit
Snitch|snitch_cleanup|snitch
Social Commerce for WooCommerce|wctofbcronjob|woo-to-facebook-shop
Social Images Widget|social_images_widget_plugin_event|social-images-widget
Social Media Share Buttons | MashShare|mashsb_cron_daily
Social Media Share Buttons & Social Sharing Icons|sfsi_plus_sf_instagram_count_fetcher|ultimate-social-media-icons
Social Media Share Buttons & Social Sharing Icons|sfsi_sf_instagram_count_fetcher|ultimate-social-media-icons
Social Rocket|social_rocket_cron|social-rocket
Software License Manager|slm_daily_cron_event|software-license-manager
Soumettre.fr|soumettre_cron_hook|soumettre-fr
SP Project & Document Manager|sp_cdm_run_recycler|sp-client-document-manager
SP Project & Document Manager|sp_zip_cleanup_cron|sp-client-document-manager
Spam Comments Cleaner|wordpress_spam_cleaner|spam-comments-cleaner
Spam protection, AntiSpam, FireWall by CleanTalk|cleantalk_update_sfw_hook|cleantalk-spam-protect
SpamReferrerBlock|auto_download_blacklist|spamreferrerblock
SpamReferrerBlock|auto_send_blacklist|spamreferrerblock
Speed Kit|cron_revalidate_html|baqend
Speed Kit|cron_update_speed_kit|baqend
Spider Analyser|wp_wb_spider_analyser_cron|spider-analyser
Starter Templates by Kadence WP|delete_starter_templates_folder|kadence-starter-templates
Statify|statify_cleanup|statify
Stop Spammers Security | Block Spam Users, Comments, Forms|ss_post_ip_every_day
Store Hours Manager for WooCommerce|zhours_cache_clear_close|order-hours-scheduler-for-woocommerce
Store Hours Manager for WooCommerce|zhours_cache_clear_open|order-hours-scheduler-for-woocommerce
Stratum|stratum_refresh_instagram_token|stratum
Stream|wp_stream_auto_purge|stream
StreamWeasels Twitch Integration|swti_cron|streamweasels-twitch-integration
Strong Testimonials|wpchill_do_weekly_action|strong-testimonials
Stylish Cost Calculator|scc_notifications_fetch_event|stylish-cost-calculator
Subscribe to Category|stc_schedule_email|subscribe-to-category
Subscribe to Category|stc_schedule_email_daily|subscribe-to-category
Subscribe To Comments Reloaded|_cron_log_file_purge|subscribe-to-comments-reloaded
Subscribe To Comments Reloaded|_cron_subscribe_reloaded_purge|subscribe-to-comments-reloaded
Subscribe To Comments Reloaded|_cron_subscribe_reloaded_system_report_file_purge|subscribe-to-comments-reloaded
Subscribe2|s2_digest_cron|subscribe2
Sunny|lp_check_event|sunnylandingpages
Sunshine Photo Cart|sunshine_addon_check|sunshine-photo-cart
Sunshine Photo Cart|sunshine_ftp_image_update|sunshine-photo-cart
Sunshine Photo Cart|sunshine_paypal_cleanup|sunshine-photo-cart
Sunshine Photo Cart|sunshine_session_garbage_collection|sunshine-photo-cart
Super Page Cache for Cloudflare|swcfpc_cache_purge_cron|wp-cloudflare-page-cache
Super Page Cache for Cloudflare|swcfpc_purge_cache_cron|wp-cloudflare-page-cache
SupportCandy|wpsc_attachment_restructure|supportcandy
SupportCandy|wpsc_cron_job_schedules|supportcandy
Surge|surge_delete_expired|surge
Swift Performance Lite|swift_performance_api_messages|swift-performance-lite
Swift Performance Lite|swift_performance_clear_assets_proxy_cache|swift-performance-lite
Swift Performance Lite|swift_performance_clear_expired|swift-performance-lite
Swift Performance Lite|swift_performance_clear_short_lifespan|swift-performance-lite
Swift Performance Lite|swift_performance_collect_anonymized_data|swift-performance-lite
Swift Performance Lite|swift_performance_dbo_|swift-performance-lite
Swift Performance Lite|swift_performance_load_images|swift-performance-lite
Swift Performance Lite|swift_performance_process_optimize_image_queue|swift-performance-lite
Sync to Etsy Marketplace from WooCommerce|auto_etsy_order_hook|exportfeed-for-woocommerce-product-to-etsy
Sync to Etsy Marketplace from WooCommerce|auto_feed_submission_hook|exportfeed-for-woocommerce-product-to-etsy
Sync to Etsy Marketplace from WooCommerce|auto_fetch_product_hook|exportfeed-for-woocommerce-product-to-etsy
Sync to Etsy Marketplace from WooCommerce|etcpf_mutipl_images_upload|exportfeed-for-woocommerce-product-to-etsy
Sync to Etsy Marketplace from WooCommerce|update_etsyfeeds_hook|exportfeed-for-woocommerce-product-to-etsy
Table Rate Shipping Method for WooCommerce by Flexible Shipping|wpdesk_tracker_send_event|flexible-shipping
Tabs & Accordion|tabs_cron_reset_migrate|tabs
Tabs & Accordion|tabs_cron_upgrade_settings|tabs
Tabs & Accordion|tabs_cron_upgrade_tabs|tabs
Tabs & Accordion|tabs_import_cron_accordion_shortcodes|tabs
Tabs & Accordion|tabs_import_cron_arconix_faq|tabs
Tabs & Accordion|tabs_import_cron_easy_accordion_free|tabs
Tabs & Accordion|tabs_import_cron_easy_responsive_tabs|tabs
Tabs & Accordion|tabs_import_cron_everest_tab_lite|tabs
Tabs & Accordion|tabs_import_cron_meks_flexible_shortcodes|tabs
Tabs & Accordion|tabs_import_cron_quick_easy_faqs|tabs
Tabs & Accordion|tabs_import_cron_responsive_accordion_collapse|tabs
Tabs & Accordion|tabs_import_cron_responsive_tabs|tabs
Tabs & Accordion|tabs_import_cron_shortcodes_ultimate|tabs
Tabs & Accordion|tabs_import_cron_sp_faq|tabs
Tabs & Accordion|tabs_import_cron_squelch_tabs_tabs|tabs
Tabs & Accordion|tabs_import_cron_tabby_responsive_tabs|tabs
Tabs & Accordion|tabs_import_cron_tabs_responsive|tabs
Tabs & Accordion|tabs_import_cron_tabs_shortcode|tabs
Tabs & Accordion|tabs_import_cron_ultimate_faqs|tabs
Tabs & Accordion|tabs_import_cron_wonderplugin_tabs_trial|tabs
Tabs & Accordion|tabs_import_cron_wp_shortcode|tabs
Team Showcase|team_cron_upgrade_settings|team
Termly | GDPR/CCPA Cookie Consent Banner|termly_account_update
Testimonials Widget|twp_cron|testimonials-widget
The Events Calendar|tribe_daily_cron|the-events-calendar
Theater for WordPress|wpt_cron|theatre
TheBunch KE Pesapal Gateway for Woocommerce|thebunchke_pesapal_woo_check_order_status|thebunch-ke-pesapal-woocommerce
Themify Builder|themify_cron_clear_css|themify-builder
Thin Out Revisions|hm_tor_cron_hook|thin-out-revisions
TI WooCommerce Wishlist|tinvwl_remove_without_author_wishlist|ti-woocommerce-wishlist
Tickera|tc_maybe_delete_pending_posts_hook|tickera-event-ticketing-system
Timthumb Vulnerability Scanner|cg_tvs_daily_scan|timthumb-vulnerability-scanner
Titan Anti-spam & Security|titan_malware_weekly_digest|anti-spam
Titan Anti-spam & Security|titan_scheduled_scanner|anti-spam
Titan Anti-spam & Security|wantispamp_check_status_queue|anti-spam
Tools for Twitter|aktt_backfill_tweets|twitter-tools
Top 10|tptn_cron_hook|top-10
Tracking Code Manager|tcmp_daily_scheduled_events|tracking-code-manager
Tracking Code Manager|tcmp_weekly_scheduled_events|tracking-code-manager
TrackShip for WooCommerce|scheduled_cron_shipment_length|trackship-for-woocommerce
Transient Cleaner|housekeep_transients|artiss-transient-cleaner
Transients Manager|delete_expired_transients|transients-manager
Tumblr Importer|wp_cron_importer_hook|tumblr-importer
Tutor LMS|tutor_once_in_day_run_schedule|tutor
uCare|ucare_check_extension_licenses|ucare-support-system
uCare|ucare_cron_close_tickets|ucare-support-system
uCare|ucare_cron_stale_tickets|ucare-support-system
uCare|ucare_extensions_license_check|ucare-support-system
Ultimate Addons for Beaver Builder|bsf_analytics_send|ultimate-addons-for-beaver-builder-lite
Ultimate Gift Cards for WooCommerce|wps_wgm_check_for_notification_update|woo-gift-cards-lite
Ultimate Member|um_daily_scheduled_events|ultimate-member
Ultimate Member|um_hourly_scheduled_events|ultimate-member
Ultimate Member|um_twicedaily_scheduled_events|ultimate-member
Ultimate Member|um_weekly_scheduled_events|ultimate-member
Ultimate Product Catalog|ewd_upcp_run_backwards_compat|ultimate-product-catalogue
Uncanny Automator|uoa_wp_after_insert_post|uncanny-automator
Update Image Tag Alt Attribute|mm_hook_posts_using_attachment|update-alt-attribute
Update Notifier|updatenotifier_sendmail|update-notifier
Updater by BestWebSoft|pdtr_auto_hook|updater
UpdraftCentral Dashboard|updraftcentral_cron|updraftcentral
UpdraftPlus WordPress Backup Plugin|updraft_backup|updraftplus
UpdraftPlus WordPress Backup Plugin|updraft_backup_database|updraftplus
UpdraftPlus WordPress Backup Plugin|updraft_backup_increments|updraftplus
UpdraftPlus WordPress Backup Plugin|updraft_backup_resume|updraftplus
UpdraftPlus WordPress Backup Plugin|updraftplus_temporary_clone_refresh_connection|updraftplus
UPS, Mondial Relay & Chronopost for WooCommerce|update_wms_statuses|wc-multishipping
URL Shortify|regenerate_json_links_daily|url-shortify
User Email Verification for WooCommerce|xl_maybe_track_usage_scheduled|woo-confirmation-email
User Meta|user_meta_schedule_event|user-meta
User Verification|user_verification_clean_user_meta|user-verification
User Verification|user_verification_delete_unverified_user|user-verification
VaultPress|vp_scan_next_batch|vaultpress
VaultPress|vp_scan_site|vaultpress
Video Gallery|yotuwp_cache_event|yotuwp-easy-youtube-embed
Video Gallery|yotuwp_weekly_scheduled_events|yotuwp-easy-youtube-embed
Video Importer|rfvi_import_all_sources|video-importer
Videopack|kgvid_cleanup_generated_logfiles|video-embed-thumbnail-generator
Videopack|kgvid_cleanup_generated_thumbnails|video-embed-thumbnail-generator
Videopack|kgvid_cleanup_queue|video-embed-thumbnail-generator
Videopack|kgvid_cron_new_attachment|video-embed-thumbnail-generator
VigilanTor|vitor_update_lists|vigilantor
Visitors Online by BestWebSoft|vstrsnln_check_users|visitors-online
Visitors Online by BestWebSoft|vstrsnln_count_visits_day|visitors-online
Volunteer Sign Up Sheets|pta_sus_cron_job|pta-volunteer-sign-up-sheets
VR Calendar|vrc_cal_sync_hook|vr-calendar-sync
W3 Total Cache|w3_cdn_cron_queue_process|w3-total-cache
W3 Total Cache|w3_cdn_cron_upload|w3-total-cache
W3 Total Cache|w3_dbcache_cleanup|w3-total-cache
W3 Total Cache|w3_fragmentcache_cleanup|w3-total-cache
W3 Total Cache|w3_minify_cleanup|w3-total-cache
W3 Total Cache|w3_objectcache_cleanup|w3-total-cache
W3 Total Cache|w3_pgcache_cleanup|w3-total-cache
W3 Total Cache|w3_pgcache_prime|w3-total-cache
W3 Total Cache|w3tc_imageservice_cron|w3-total-cache
WassUp Real Time Analytics|wassup_scheduled_cleanup|wassup
WassUp Real Time Analytics|wassup_scheduled_purge|wassup
WC Vendors Marketplace|pv_schedule_mass_payments|wc-vendors
Web Directory Free|scheduled_events|web-directory-free
Web Push Notifications|webpushr_abandoned_cart|webpushr-web-push-notifications
Webba Booking|wbk_daily_event|webba-booking-lite
Webcomic|webcomic_alert|webcomic
WebDefender Security|cwis_cron_hook|cwis-antivirus-malware-detected
WebDefender Security|cwis_scheduled_events|cwis-antivirus-malware-detected
WebinarPress|wswebinar_send_queued_mails|wp-webinarsystem
WebinarPress|wswebinar_send_scheduled_mails|wp-webinarsystem
Website Builder by SeedProd — Custom Theme Builder, Landing Page Builder, Coming Soon, Maintenance Mode & more|seedprod_notifications|coming-soon
Wechat Social login 微信QQ钉钉登录插件|xunhuweb_cron|wechat-social-login
Welcart e-Commerce|wc_cron|usc-e-shop
Welcart e-Commerce|wc_cron_w|usc-e-shop
Wholesale Suite|wwp_usage_tracking_cron|woocommerce-wholesale-prices
Woo Product Feed For Marketing Channels|woogool_feed_generate|woocommerce-to-google-merchant-center
WooCommerce|daily|woocommerce
WooCommerce|wc_admin_daily|woocommerce
WooCommerce|wc_connect_fetch_service_schemas|woocommerce
WooCommerce|woocommerce_cleanup_logs|woocommerce
WooCommerce|woocommerce_cleanup_personal_data|woocommerce
WooCommerce|woocommerce_cleanup_rate_limits|woocommerce
WooCommerce|woocommerce_cleanup_sessions|woocommerce
WooCommerce|woocommerce_geoip_updater|woocommerce
WooCommerce|ws_sms_alert_event|woocommerce-sendinblue-newsletter-subscription
WooCommerce Cart Abandonment Recovery|cartflows_ca_update_order_status_action|woo-cart-abandonment-recovery
WooCommerce Combo Offers|wooco_cron_jobs|woo-combo-offers
WooCommerce Easy Booking|wceb_update_booking_statuses_event|woocommerce-easy-booking-system
WooCommerce EU VAT Assistant|aelia_afc_geoip_updater|woocommerce-eu-vat-assistant
Woocommerce Google Feed Manager|wppfm_feed_update_schedule|wp-product-feed-manager
Woocommerce Order address Print|remove_temp_file_event|woocommerce-order-address-print
WooCommerce Payment Gateway|officeguy_cron|woo-payment-gateway-officeguy
WooCommerce PensoPay|pensopay_virtualpayments_update|woo-pensopay
WooCommerce PostFinance Checkout|postfinancecheckout_five_minutes_cron|woo-postfinance-checkout
WooCommerce Product Stock Alert|dc_start_stock_alert|woocommerce-product-stock-alert
WooCommerce Product Table Lite|wcpt_cleanup_sessions|wc-product-table-lite
WooCommerce Serial Numbers|wc_serial_numbers_daily_event|wc-serial-numbers
WooCommerce Serial Numbers|wc_serial_numbers_hourly_event|wc-serial-numbers
WooCommerce Shipping|dpd_parcels_updater|woo-shipping-dpd-baltic
WooCommerce Shippit|syncOrders|shippit-simplified-australia-shipping
Woocommerce Simla.com|retailcrm_history|woo-retailcrm
Woocommerce Simla.com|retailcrm_icml|woo-retailcrm
Woocommerce Simla.com|retailcrm_inventories|woo-retailcrm
WooCommerce Sync for QuickBooks Online|mw_qbo_sync_deposit_cron_hook|myworks-woo-sync-for-quickbooks-online
WooCommerce Sync for QuickBooks Online|mw_qbo_sync_logging_hook|myworks-woo-sync-for-quickbooks-online
WooCommerce Sync for QuickBooks Online|mw_qbo_sync_queue_cron_hook|myworks-woo-sync-for-quickbooks-online
WooCommerce Sync for QuickBooks Online|mwqbosync_inventory_import_schedule_hook|myworks-woo-sync-for-quickbooks-online
WooCommerce Sync for QuickBooks Online|mwqbosync_pricing_import_schedule_hook|myworks-woo-sync-for-quickbooks-online
WooCommerce XML feed for Skroutz & Bestprice|skroutz_xml_hourly_event|woo-xml-feed-for-skroutzgr-bestpricegr
WOOF|woof_cache_count_data_auto_clean|woocommerce-products-filter
Wordfence Security|wordfence_batchReportBlockedAttempts|wordfence
Wordfence Security|wordfence_batchReportFailedAttempts|wordfence
Wordfence Security|wordfence_daily_autoUpdate|wordfence
Wordfence Security|wordfence_daily_cron|wordfence
Wordfence Security|wordfence_hourly_cron|wordfence
Wordfence Security|wordfence_ls_ntp_cron|wordfence
Wordfence Security|wordfence_processAttackData|wordfence
Wordfence Security|wordfence_version_check|wordfence
WordPress 2-step verification|wp2sv_sync_time|wordpress-2-step-verification
WordPress 2-step verification|wp2sv_upgrade|wordpress-2-step-verification
WordPress Affiliates Plugin — SliceWP|slicewp_plugin_usage_event|slicewp
WordPress Auction Plugin|wpa_daily_check|wp-auctions
WordPress Backup & Migration|wt_mgdp_do_cron_|wp-migration-duplicator
WordPress Brute Force Protection|guardgiant_housekeeping|guardgiant
WordPress Cache and CDN plugin|optimisation_purge_time_event|cache-performance
WordPress Captcha Plugin by Captcha Bank|ip_address_unblocker_|captcha-bank
WordPress Captcha Plugin by Captcha Bank|ip_range_unblocker_|captcha-bank
WordPress Classifieds Plugin|awpcp_ad_renewal_email_hook|another-wordpress-classifieds-plugin
WordPress Classifieds Plugin|doadcleanup_hook|another-wordpress-classifieds-plugin
WordPress Classifieds Plugin|doadexpirations_hook|another-wordpress-classifieds-plugin
WordPress Comments Import & Export|hw_cmt_csv_im_ex_auto_export_products|comments-import-export-woocommerce
WordPress Comments Import & Export|hw_cmt_csv_im_ex_auto_import_products|comments-import-export-woocommerce
WordPress CRM Plugin|wp_crm_system_recurring_entry_processor|wp-crm-system
WordPress CRM, Email & Marketing Automation for WordPress | Award Winner — Groundhogg|gh_do_stats_collection
WordPress Email Marketing Plugin|wp_email_capture_hourly|wp-email-capture
WordPress Flash Uploader|wfu_task_hook|wordpress-flash-uploader
WordPress Gallery Plugin|ngg_delete_expired_transients|nextgen-gallery
WordPress Mega Menu|redux_tracking|quadmenu
WordPress Membership Plugin|rcp_check_member_counts|restrict-content
WordPress Membership Plugin|rcp_expired_users_check|restrict-content
WordPress Membership Plugin|rcp_mark_abandoned_payments|restrict-content
WordPress Membership Plugin|rcp_send_expiring_soon_notice|restrict-content
WordPress Meta Data and Taxonomies Filter|mdtf_cache_count_data_auto_clean|wp-meta-data-filter-and-taxonomy-filter
WordPress Meta Data and Taxonomies Filter|mdtf_cache_terms_data_auto_clean|wp-meta-data-filter-and-taxonomy-filter
WordPress Online Booking and Scheduling Plugin|bookly_daily_routine|bookly-responsive-appointment-booking-tool
WordPress Online Booking and Scheduling Plugin|bookly_hourly_routine|bookly-responsive-appointment-booking-tool
WordPress Persistent Login|persistent_login_update_count|wp-persistent-login
WordPress Persistent Login|persistent_login_user_count|wp-persistent-login
WordPress Popular Posts|wpp_cache_event|wordpress-popular-posts
WordPress Popular Posts|wpp_maybe_performance_nag|wordpress-popular-posts
WordPress Portfolio Plugin|wpportfolio_schedule_refresh_thumbnails|wp-portfolio
WordPress REST API Authentication|mo_api_display_the_popup|wp-rest-api-authentication
WP 2FA|wp_2fa_check_grace_period_status|wp-2fa
WP Activity Log|wsal_cleanup|wp-security-audit-log
WP Activity Log|wsal_delete_logins|wp-security-audit-log
WP Activity Log|wsal_log_files_pruning|wp-security-audit-log
WP Ad Guru|adguru_daily_event_hook|wp-ad-guru
WP Airbnb Review Slider|wpairbnb_daily_event|wp-airbnb-review-slider
WP All Backup|wp_all_backup_event|wp-all-backup
WP Bulk Delete|wpbd_run_scheduled_delete|wp-bulk-delete
WP Cerber Security, Anti-spam & Malware Scan|cerber_bg_launcher|wp-cerber
WP Cerber Security, Anti-spam & Malware Scan|cerber_daily|wp-cerber
WP Cerber Security, Anti-spam & Malware Scan|cerber_hourly|wp-cerber
WP Cerber Security, Anti-spam & Malware Scan|cerber_hourly_1|wp-cerber
WP Cerber Security, Anti-spam & Malware Scan|cerber_hourly_2|wp-cerber
WP Clean Up Optimizer|wp_clean_up_optimizer_scheduler|wp-clean-up-optimizer
WP Client Reports|wp_client_reports_check_for_updates_daily|wp-client-reports
WP Console|score|wp-console
WP Content Pilot|wpcp_daily_scheduled_events|wp-content-pilot
WP Content Pilot|wpcp_per_minute_scheduled_events|wp-content-pilot
WP Customer Area|weekly|customer-area
WP Data Access|wpda_data_backup|wp-data-access
WP Database Backup|wp_db_backup_event|wp-database-backup
WP EasyPay|wpep_subscription_payments|wp-easy-pay
WP EasyPay|wpep_weekly_refresh_tokens|wp-easy-pay
WP Encryption|wple_ssl_reminder_notice|wp-letsencrypt-ssl
WP Encryption|wple_ssl_renewal|wp-letsencrypt-ssl
WP ERP|erp_crm_inbound_email_scheduled_events|erp
WP ERP|erp_daily_scheduled_events|erp
WP ERP|erp_per_minute_scheduled_events|erp
WP ERP|erp_weekly_scheduled_events|erp
WP Event Manager|event_manager_check_for_expired_events|wp-event-manager
WP Event Manager|event_manager_clear_expired_transients|wp-event-manager
WP Event Manager|event_manager_delete_old_previews|wp-event-manager
WP Fastest Cache|wp_fastest_cache_|wp-fastest-cache
WP Fingerprint|wpfingerprint_cron|wp-fingerprint
WP Free SSL|check_every_day|wp-free-ssl
WP FullText Search|wpfts_indexer_event|fulltext-search
WP Fusion Lite|wpf_background_process_cron|wp-fusion-lite
WP Google Review Slider|wpfbr_cron_google_review|wp-google-places-review-slider
WP Hardening|whp_task_hook|wp-security-hardening
WP Hotelier|hotelier_check_license_cron|wp-hotelier
WP Hotelier|hotelier_cleanup_sessions|wp-hotelier
WP Hotelier|hotelier_process_completed_reservations|wp-hotelier
WP Indexify PRO|onehourindexing_scheduled_send_hook|wp-indexify-pro
WP Job Manager|job_manager_check_for_expired_jobs|wp-job-manager
WP Job Manager|job_manager_clear_expired_transients|wp-job-manager
WP Job Manager|job_manager_delete_old_previews|wp-job-manager
WP Job Manager|job_manager_email_daily_notices|wp-job-manager
WP Job Openings|awsm_check_for_expired_jobs|wp-job-openings
WP Job Openings|awsm_jobs_email_digest|wp-job-openings
WP Latest Posts|wplp_update_post_views|wp-latest-posts
WP Links Page|wp_links_page_free_event|wp-links-page
WP OAuth Server|wpo_global_cleanup|oauth2-provider
WP Offload SES Lite|deliciousbrains_wp_offload_ses_log_cleanup|wp-ses
WP Offload SES Lite|deliciousbrains_wp_offload_ses_queue_connection|wp-ses
WP Photo Album Plus|wppa_cleanup|wp-photo-album-plus
WP Photo Album Plus|wppa_cron_event|wp-photo-album-plus
WP Photo Album Plus|wppa_do_mailinglist_cron|wp-photo-album-plus
WP Photo Album Plus|wppa_update_treecounts|wp-photo-album-plus
WP Pipes|my_hourly_event|wp-pipes
WP Power Stats|power_stats_purge|wp-power-stats
WP Prayer|wpe_prayer_recieved_perday|wp-prayer
WP Real Estate|wre_idx_auto_import|wp-real-estate
WP Real Estate|wre_idx_update|wp-real-estate
WP Recipe Maker|wprm_daily_cron|wp-recipe-maker
WP Remote Users Sync|wprus_files_cleanup|wp-remote-users-sync
WP Remote Users Sync|wprus_logs_cleanup|wp-remote-users-sync
WP Remote Users Sync|wprus_nonce_cleanup|wp-remote-users-sync
WP REST Cache|wp_rest_cache_cleanup_deleted_caches|wp-rest-cache
WP REST Cache|wp_rest_cache_regenerate_cron|wp-rest-cache
WP Rocket Footer JS|rocket_footer_js_purge_cache|rocket-footer-js
WP RSS Aggregator|wprss_fetch_all_feeds_hook|wp-rss-aggregator
WP RSS Aggregator|wprss_fetch_single_feed_hook|wp-rss-aggregator
WP Search Insights|cmplz_every_five_minutes_hook|wp-search-insights
WP Search Insights|wpsi_every_five_minutes_hook|wp-search-insights
WP SiteManager|infinity_key_auth_update_hook|wp-sitemanager
WP Social Ninja|wpsr_cron_job|wp-social-reviews
WP Speed of Light|wpsol_auto_purge_cache|wp-speed-of-light
WP Spell Check|admincheckauthorsempty|wp-spell-check
WP Spell Check|admincheckcategoriesdescempty|wp-spell-check
WP Spell Check|admincheckcategoriesdescempty_ent|wp-spell-check
WP Spell Check|admincheckcode|wp-spell-check
WP Spell Check|admincheckecommerceempty|wp-spell-check
WP Spell Check|admincheckecommerceempty_ent|wp-spell-check
WP Spell Check|admincheckmediaempty|wp-spell-check
WP Spell Check|admincheckmediaempty_pro|wp-spell-check
WP Spell Check|admincheckmediaseoempty|wp-spell-check
WP Spell Check|admincheckmediaseoempty_ent|wp-spell-check
WP Spell Check|admincheckmenusempty|wp-spell-check
WP Spell Check|admincheckmenusempty_ent|wp-spell-check
WP Spell Check|admincheckpagetitlesempty|wp-spell-check
WP Spell Check|admincheckpagetitlesempty_ent|wp-spell-check
WP Spell Check|admincheckpagetitlesemptybase|wp-spell-check
WP Spell Check|admincheckpostseoempty|wp-spell-check
WP Spell Check|admincheckpostseoempty_ent|wp-spell-check
WP Spell Check|admincheckposttagsdescempty|wp-spell-check
WP Spell Check|admincheckposttagsdescempty_ent|wp-spell-check
WP Spell Check|admincheckposttitlesempty|wp-spell-check
WP Spell Check|admincheckposttitlesempty_ent|wp-spell-check
WP Spell Check|admincheckposttitlesemptybase|wp-spell-check
WP Spell Check|adminscansite|wp-spell-check
WP STAGING|wpstg_daily_event|wp-staging
WP STAGING|wpstg_q_ajax_support_feature_detection|wp-staging
WP STAGING|wpstg_queue_maintain|wp-staging
WP STAGING|wpstg_queue_process|wp-staging
WP STAGING|wpstg_weekly_event|wp-staging
WP Statistics|wp_statistics_add_visit_hook|wp-statistics
WP Statistics|wp_statistics_dbmaint_hook|wp-statistics
WP Statistics|wp_statistics_dbmaint_visitor_hook|wp-statistics
WP Statistics|wp_statistics_geoip_hook|wp-statistics
WP Statistics|wp_statistics_referrerspam_hook|wp-statistics
WP Statistics|wp_statistics_report_hook|wp-statistics
WP Super Cache|wp_cache_check_site_hook|wp-super-cache
WP Super Cache|wp_cache_full_preload_hook|wp-super-cache
WP Super Cache|wp_cache_gc|wp-super-cache
WP Super Cache|wp_cache_gc_watcher|wp-super-cache
WP Super Cache|wp_cache_preload_hook|wp-super-cache
WP Support Plus Responsive Ticket System|daily_check_ticket_status|wp-support-plus-responsive-ticket-system
WP Telegram Widget and Join Link|wptelegram_widget_cron_pull_updates|wptelegram-widget
WP Telegram Widget and Join Link|wptelegram_widget_pull_updates|wptelegram-widget
WP to Twitter|wptratelimits|wp-to-twitter
WP Travel|wp_travel_cron_schedule|wp-travel
WP TripAdvisor Review Slider|wptripadvisor_daily_event|wp-tripadvisor-review-slider
WP User Frontend|non_recur_subs_daily|wp-user-frontend
WP User Frontend|wpuf_remove_expired_post_hook|wp-user-frontend
WP Visitor Statistics|schedule_daily_report|wp-stats-manager
WP Visitor Statistics|schedule_hour|wp-stats-manager
WP Visitor Statistics|schedule_report|wp-stats-manager
WP Webhooks|wpwh_daily_maintenance|wp-webhooks
WP Yelp Review Slider|wpyelp_daily_event|wp-yelp-review-slider
WP-Cron Control|publish_future_post|wp-cron-control
WP-Cron Status Checker|wcsc_clean_up|wp-cron-status-checker
WP-Cron Status Checker|wcsc_debug_event|wp-cron-status-checker
WP-Cron Status Checker|wcsc_email_notice_hook|wp-cron-status-checker
WP-DBManager|dbmanager_cron_backup|wp-dbmanager
WP-DBManager|dbmanager_cron_optimize|wp-dbmanager
WP-DBManager|dbmanager_cron_repair|wp-dbmanager
WP-Lister Lite for Amazon|wpla_daily_schedule|wp-lister-for-amazon
WP-Lister Lite for Amazon|wpla_fba_report_schedule|wp-lister-for-amazon
WP-Lister Lite for Amazon|wpla_update_schedule|wp-lister-for-amazon
WP-Lister Lite for eBay|wple_daily_schedule|wp-lister-for-ebay
WP-Lister Lite for eBay|wplister_update_auctions|wp-lister-for-ebay
wp-mpdf|mpdf_generate_pdfs_hook|wp-mpdf
WP-Optimize|autosmush_process_queue|wp-optimize
WP-Optimize|prune_smush_logs|wp-optimize
WP-Optimize|wpo_|wp-optimize
WP-Optimize|wpo_cron_event2|wp-optimize
WP-Optimize|wpo_minify_purge_old_cache|wp-optimize
WP-Optimize|wpo_page_cache_schedule_preload|wp-optimize
WP-Optimize|wpo_smush_clear_backup_images|wp-optimize
WP-Optimize|wpo_weekly_cron_tasks|wp-optimize
WP-Polls|polls_cron|wp-polls
WP-Recall|rcl_cron_daily_schedule|wp-recall
WP-Recall|rcl_cron_hourly_schedule|wp-recall
WP-Recall|rcl_cron_twicedaily_schedule|wp-recall
WP-SMS|wp_sms_check_update_licenses_status|wp-sms
WP-Strava|wp_strava_auth_refresh_cron|wp-strava
WP125|wp125classic_cron_ad_expiry|wp125
WPAdverts|adext_payments_event_gc|wpadverts
WPAdverts|adverts_event_delete_tmp_files|wpadverts
WPAdverts|adverts_event_expire_ads|wpadverts
WPAdverts|adverts_event_gc|wpadverts
WPCal.io|wpcal_api_task_cron|wpcal
WPCal.io|wpcal_local_task_cron|wpcal
WPCal.io|wpcal_misc_cron|wpcal
WPCS|wpcs_currencies_rate_auto_update|currency-switcher
WPeMatico RSS Feed Fetcher|wpematico_cron|wpematico
WPFactory Helper|alg_check_sites_keys|wpcodefactory-helper
WPFactory Helper|alg_get_plugins_list|wpcodefactory-helper
WPFactory Helper|alg_get_themes_list|wpcodefactory-helper
wpForo Forum|wpforo_ping_search_engines|wpforo
WPJAM Basic|wpjam_remove_invild_crons|wpjam-basic
Wplms bigbluebutton addon|wplms_send_wplms_bbb_reminders|bbb-wplms
wpMandrill|wpm_update_stats|wpmandrill
WPMobile.App — Android and iOS Mobile Application|wpappninjacron|wpappninja
WPMobile.App — Android and iOS Mobile Application|wpappninjacronnbinstall|wpappninja
WPPizza|wppizza_cron|wppizza
WPS Cleaner|wps_cleaner_indexation_medias|wps-cleaner
WPtouch|wptouch_cron_backup_settings|wptouch
WPvivid Backup for MainWP|mwp_wpvivid_check_version_event|wpvivid-backup-mainwp
WPvivid Backup for MainWP|mwp_wpvivid_refresh_latest_pro_version_event|wpvivid-backup-mainwp
WPZOOM Social Feed Widget|wpzoom_instagram_widget_cron_hook|instagram-widget-by-wpzoom
WS Form LITE|ws_form_wp_cron_action_database|ws-form
XML for Google Merchant Center|xfgmc_cron_period|xml-for-google-merchant-center
XML for Google Merchant Center|xfgmc_cron_sborki|xml-for-google-merchant-center
XML Sitemap Generator for Google|xmsg_ping|www-xml-sitemap-generator-org
XML Sitemaps|xml_sitemaps_ping|xml-sitemaps
YaySMTP|yaysmtp_delete_email_log_schedule_hook|yaysmtp
YaySMTP|yaysmtp_send_email_report_monthly_schedule_hook|yaysmtp
YaySMTP|yaysmtp_send_email_report_weekly_schedule_hook|yaysmtp
YITH PayPal Express Checkout for WooCommerce|yith_paypal_ec_payment_renew_orders|yith-paypal-express-checkout-for-woocommerce
YITH Request a Quote for WooCommerce|ywraq_clean_cron|yith-woocommerce-request-a-quote
YITH WooCommerce Subscription|ywsbs_renew_orders|yith-woocommerce-subscription
YITH WooCommerce Subscription|ywsbs_trash_cancelled_subscriptions|yith-woocommerce-subscription
YITH WooCommerce Subscription|ywsbs_trash_pending_subscriptions|yith-woocommerce-subscription
YML for Yandex Market|yfym_cron_period|yml-for-yandex-market
YML for Yandex Market|yfym_cron_sborki|yml-for-yandex-market
Yoast SEO|wpseo_permalink_structure_check|wordpress-seo
Yoast SEO|wpseo_ping_search_engines|wordpress-seo
Yoast SEO|wpseo_ryte_fetch|wordpress-seo
Yoast SEO|wpseo_send_tracking_data_after_core_update|wordpress-seo
YOP Poll|yop_poll_hourly_event|yop-poll
YOURLS Link Creator|yourls_cron|yourls-link-creator
YOURLS Link Creator|yourls_test|yourls-link-creator
YouTube Embed|housekeep_ye_transients|youtube-embed
Youzify|youzify_delete_media_temporary_files|youzify
Zoho Campaigns|zcwc_refresh_forms_event|zoho-campaigns
Zoho Marketing Automation|zmhub_refresh_forms_event|zoho-marketinghub
افزونه حمل و نقل ووکامرس|pws_check_status|persian-woocommerce-shipping
우커머스용 아임포트 플러그인|iamport_naverpay_sync_review|iamport-for-woocommerce
多合一搜索自动推送管理插件-支持Baidu/Google/Bing/神马/头条|baidu_push_url_cron_action_v3|baidu-submit-link
微信机器人高级版|weixin_delete_messages|weixin-robot-advanced
微信机器人高级版|weixin_get_user_list|weixin-robot-advanced
百度站长SEO合集|baiduseo_cronhook|baiduseo
老部落百度快速提交插件|laobuluo_bs_event|laobuluo-baidu-submit
胖鼠采集|frc_cron_release_hook|fat-rat-collect
胖鼠采集|frc_cron_spider_hook|fat-rat-collect
