10WebSocial|wdi_instagram|wd-instagram-feed
12 Step Meeting List|tsml_group|12-step-meeting-list
12 Step Meeting List|tsml_location|12-step-meeting-list
12 Step Meeting List|tsml_meeting|12-step-meeting-list
3CX Live Chat|wplc_quick_response|wp-live-chat-support
Abandoned Cart Recovery for WooCommerce|wacv_email_template|woo-abandoned-cart-recovery
Accept Stripe Payments|stripe_order|stripe-payments
Accessibility Suite by Online ADA|wcag_scan|online-accessibility
Accordion|accordions|accordions
Accordion|accordion_tp|accordions-wp
Accordion FAQ|responsive_accordion|responsive-accordion-and-collapse
Accordion Slider Gallery|accordion_slider|accordion-slider-gallery
ACF Frontend|admin_form|acf-frontend-form-element
Add to All|ata_snippets|add-to-all
AdFoxly|adfoxly_banners|adfoxly
AdFoxly|adfoxly_places|adfoxly
Ads by datafeedr.com|dfads|ads-by-datafeedrcom
Ads for WP|adsforwp|ads-for-wp
Ads.txt Manager|adstxt|ads-txt
Advance Portfolio Grid and Slider|wpb_fp_portfolio|advance-portfolio-grid
Advanced Access Manager|aam_policy|advanced-access-manager
Advanced Classifieds & Directory Pro|acadp_fields|advanced-classifieds-and-directory-pro
Advanced Classifieds & Directory Pro|acadp_listings|advanced-classifieds-and-directory-pro
Advanced Classifieds & Directory Pro|acadp_payments|advanced-classifieds-and-directory-pro
Advanced Floating Content|ct_afc|advanced-floating-content-lite
Advanced Forms for ACF|af_entry|advanced-forms
Advanced Forms for ACF|af_form|advanced-forms
Advanced Post List|apl_design|advanced-post-list
Advanced Post List|apl_post_list|advanced-post-list
Advanced Product Fields|wapf_product|advanced-product-fields-for-woocommerce
Advanced Sermons|sermons|advanced-sermons
Advanced Shipping Validation for WooCommerce|shipping_validation|advanced-shipping-validation-for-woocommerce
Aesop Story Engine|ai_galleries|aesop-story-engine
Aesop Story Engine|ai_story_collection|aesop-story-engine
Agora Video for WordPress|agora_channel|wp-agora-io
Ajax Dropdowns|ajax_dropdown|ajax-dropdowns
Album Gallery|fa_gallery|flickr-album-gallery
Album Gallery|album_gallery|new-album-gallery
Album Gallery Photostream Profile For Flickr|flickr_gallery|wp-flickr-gallery
ALD|vi_wad_draft_product|woo-alidropship
All-in-One Video Gallery|aiovg_videos|all-in-one-video-gallery
Amazing Hover Effects|hover_effect|amazing-hover-effects
amCharts|amchart|amcharts-charts-and-maps
AMP|amp_validated_url|amp
AMP for WP|amppb_layout|accelerated-mobile-pages
ANAC XML Bandi di Gara|avcp|avcp
Analytify|analytify_log|wp-analytify
Animated Live Wall|animated_live_wall|animated-live-wall
AnsPress|answer|anspress-question-answer
Anthologize|anth_imported_item|anthologize
Anthologize|anth_library_item|anthologize
Anthologize|anth_part|anthologize
Anthologize|anth_project|anthologize
Anti-Malware Security and Brute-Force Firewall|gotmls_quarantine|gotmls
AnyWhere Elementor|ae_global_templates|anywhere-elementor
App Builder|app_builder_preset|app-builder
App Builder|app_builder_template|app-builder
ApplyOnline|aol_|apply-online
ApplyOnline|aol_ad|apply-online
ApplyOnline|aol_application|apply-online
Arabic Webfonts|awf_font_control|arabic-webfonts
Arrow Custom Feed for Twitter|tfba_twitter_feed|arrow-twitter-feed
Assistant|fl_asst_notation|assistant
Attesa Extra|attesa_templates|attesa-extra
AudioIgniter Music Player|ai_playlist|audioigniter
Author Box for Authors, Co-Authors, Multiple Authors and Guest Authors|guest_author|molongui-authorship
Author Box for Authors, Co-Authors, Multiple Authors and Guest Authors|molongui_guestauthor|molongui-authorship
Authorize.Net CIM for WooCommerce|authnet_credit_card|authnet-cim-for-woo
Auto Updater|update_log|site-manager
Awesome Logos|wps_logos|awesome-logos
Awesome Support|ticket|awesome-support
Awesome Support|ticket_history|awesome-support
Awesome Support|ticket_log|awesome-support
Awesome Support|ticket_reply|awesome-support
AWSM Team|awsm_team|awsm-team
AWSM Team|awsm_team_member|awsm-team
B2BKing — Ultimate WooCommerce Wholesale and B2B Solution|b2bking_conversation|b2bking-wholesale-for-woocommerce
B2BKing — Ultimate WooCommerce Wholesale and B2B Solution|b2bking_custom_field|b2bking-wholesale-for-woocommerce
B2BKing — Ultimate WooCommerce Wholesale and B2B Solution|b2bking_custom_role|b2bking-wholesale-for-woocommerce
B2BKing — Ultimate WooCommerce Wholesale and B2B Solution|b2bking_group|b2bking-wholesale-for-woocommerce
B2BKing — Ultimate WooCommerce Wholesale and B2B Solution|b2bking_offer|b2bking-wholesale-for-woocommerce
B2BKing — Ultimate WooCommerce Wholesale and B2B Solution|b2bking_rule|b2bking-wholesale-for-woocommerce
BA Book Everything|fee|ba-book-everything
BA Book Everything|places|ba-book-everything
BA Book Everything|service|ba-book-everything
BA Book Everything|to_book|ba-book-everything
Back In Stock Notifier for WooCommerce | WooCommerce Waitlist Pro|cwginstocknotifier
Backup and Staging by WP Time Capsule|POST|wp-time-capsule
Backup Database|backup_database|backup-database
Badge Management for WooCommerce|phoe_badge|badge-management-for-woocommerce
Before And After|b_a_form|before-and-after
Before And After|b_a_goal|before-and-after
BetterDocs|docs|betterdocs
Bio Links|biolink|bio-links
Bit Form|bitforms|bit-form
Block IPs for gravity forms|ip|gf-block-ips
Block Pattern Builder|bpb_pattern|block-pattern-builder
Block, Suspend, Report for BuddyPress|report|bp-toolkit
Blocks|wpcmsb_cms_block|blocks
Blocksy Companion|class|blocksy-companion
Blog2Social|b2s_ex_post|blog2social
Blox Lite|blox|blox-lite
Booking Calendar|omnivo_weekdays|hbook
Booking.com Banner Creator|bdotcom_bm|bookingcom-banner-creator
Boostify Header Footer Builder for Elementor|btf_builder|boostify-header-footer-builder
Borderless|borderless_cpt|borderless
Branda|admin_panel_tip|branda-white-labeling
Branda|ub_log|branda-white-labeling
Broadcast Live Video|channel|videowhisper-live-streaming-integration
Buckets|buckets|buckets
BuddyPress|bp_nav_menu_item|buddypress
BuddyPress Docs|bp_docs_folder|buddypress-docs
Build & Control Block Patterns|ctrl_block_patterns|control-block-patterns
Bulk Edit and Create User Profiles|user|bulk-edit-user-profiles-in-spreadsheet
Business Directory Plugin | GeoDirectory|gd_
Business One ToolKit|about|business-one-toolkit
Business One ToolKit|skill|business-one-toolkit
Button|wd_button|button
BxSlider WP|bxslider|bxslider-wp
Canvas|canvas_layout|canvas
Captivate Sync|blogging|captivatesync-trade
Captivate Sync|captivate_podcast|captivatesync-trade
Car Dealer and Vehicle sales WordPress Plugin|cardealerfields|cardealer
Car Dealer and Vehicle sales WordPress Plugin|cars|cardealer
Car Demon|cars_for_sale|car-demon
Carousel Horizontal Posts Content Slider|wa_chpcs|carousel-horizontal-posts-content-slider
Carousel Slider|carousels|carousel-slider
Carousel Ultimate|carousel_shortcode|carousel
Carousel Ultimate|tpmfcarousel|carousel
Carousel, Slider, Gallery by WP Carousel|sp_wp_carousel|wp-carousel-free
Category Ajax Filter|caf_posts|category-ajax-filter
Category Slider for WooCommerce|sp_wcslider|woo-category-slider-grid
CBX Feedback Button|cbxfeedbackbtn|wpfixedverticalfeedbackbutton
CBX Map for Google Map & OpenStreetMap|cbxgooglemap|cbxgooglemap
CFS Options Screens|options|cfs-options-screens
Charitable|donation|charitable
Checkout for PayPal|coforpaypal_order|checkout-for-paypal
Church Content|ctc_event|church-theme-content
Church Content|ctc_location|church-theme-content
Church Content|ctc_person|church-theme-content
Church Content|ctc_sermon|church-theme-content
Classified Listing|rtcl_listing|classified-listing
Clearfy Cache|post_all|clearfy
Clearfy Cache|post_arch|clearfy
Clever Fox|aravalli_packages|clever-fox
Clever Mega Menu for Elementor|cmm4e_menu|clever-mega-menu-for-elementor
Clever Mega Menu for Elementor|cmm4e_menu_theme|clever-mega-menu-for-elementor
Clever Mega Menu for Visual Composer|clever_menu|clever-mega-menu
Clever Mega Menu for Visual Composer|clever_menu_theme|clever-mega-menu
Clicface Trombi|collaborateur|clicface-trombi
ClickFunnels|clickfunnels|clickfunnels
ClickFunnels|Page|clickfunnels
Clink|clink|clink
CM Tooltip Glossary|glossary|enhanced-tooltipglossary
Colorbox Panels & Info Box|colorbox_panels|colorbox-panels
Comic Easel|comic|comic-easel
Community by PeepSo|peepso_user_field|peepso-core
Conditional Payments for WooCommerce|wcp_ruleset|conditional-payments-for-woocommerce
Conditional Shipping for WooCommerce|wcs_ruleset|conditional-shipping-for-woocommerce
Constant Contact Forms|ctct_forms|constant-contact-forms
Constant Contact Forms|ctct_lists|constant-contact-forms
Contact Form & SMTP Plugin for WordPress by PirateForms|pf_contact|pirate-forms
Contact Form 7|wpcf7_contact_form|contact-form-7
Contact Form 7|cf7pp_payments|contact-form-7-paypal-add-on
Contact Form builder with drag & drop for WordPress|kaliforms_forms|kali-forms
Contact Form builder with drag & drop for WordPress|kaliforms_submitted|kali-forms
Contact Form by WD|fmemailverification|contact-form-maker
Contact Form Plugin|easycontactform|contact-form-lite
Contact Form Plugin|ecfentries|contact-form-lite
Contact Form, Drag and Drop Form Builder for WordPress|everest_form|everest-forms
Contempo Real Estate Custom Posts|brokerage|contempo-real-estate-custom-posts
Contempo Real Estate Custom Posts|listings|contempo-real-estate-custom-posts
Content Blocks|content_block|custom-post-widget
Content.ad|content_ad_widget|contentad
Cool Responsive Megamenu|register_|cool-responsive-mega-menu
Cool Timeline|cool_timeline|cool-timeline
Core Control|http|core-control
Coronavirus|cvct|coronavirus-data-widgets
Cost Calculator|nd_cc_cpt_1|nd-projects
Cost Calculator|nd_cc_cpt_2|nd-projects
Counter Number|counter_numbers|counter-number-showcase
Counter Up|lgx_counter|wp-counter-up
Coupon Box for WooCommerce|wcb|woo-coupon-box
Cowidgets|staff|cowidgets-elementor-addons
CPO Companion|cpo_client|cpo-companion
CPO Companion|cpo_feature|cpo-companion
CPO Companion|cpo_portfolio|cpo-companion
CPO Companion|cpo_product|cpo-companion
CPO Companion|cpo_service|cpo-companion
CPO Companion|cpo_slide|cpo-companion
CPO Companion|cpo_team|cpo-companion
CPO Companion|cpo_testimonial|cpo-companion
CPT Bootstrap Carousel|cptbc|cpt-bootstrap-carousel
Create by Mediavine|mv_create|mediavine-create
Create by Mediavine|mv_creations|mediavine-create
Create by Mediavine|mv_products|mediavine-create
Create by Mediavine|mv_recipes|mediavine-create
Cryptocurrency Widgets|ccpw|cryptocurrency-price-ticker-widget
Cryptocurrency Widgets Pack|mcwp|cryptocurrency-widgets-pack
CSS JS Manager, Async JavaScript, Defer Render Blocking CSS supports WooCommerce|pi_critical_css|css-js-manager
Cue by AudioTheme.com|cue_playlist|cue
Culqi Integracion|culqi_charges|culqi-full-integration
Culqi Integracion|culqi_customers|culqi-full-integration
Culqi Integracion|culqi_orders|culqi-full-integration
Culqi Integracion|culqi_payments|culqi-full-integration
Custom Banners|banner|custom-banners
Custom Blocks Constructor|lazyblocks_templates|lazy-blocks
Custom Contact Forms|ccf_choice|custom-contact-forms
Custom Contact Forms|ccf_field|custom-contact-forms
Custom Contact Forms|ccf_form|custom-contact-forms
Custom Contact Forms|ccf_submission|custom-contact-forms
Custom Contact Forms|youseeeme|custom-contact-forms
Custom Contact Forms|youseeme|custom-contact-forms
Custom Content Shortcode|_undefined|custom-content-shortcode
Custom Content Shortcode|shortcode|custom-content-shortcode
Custom CSS and JavaScript|hm_custom_css|custom-css-and-javascript
Custom CSS and JavaScript|hm_custom_javascript|custom-css-and-javascript
Custom Field For WP Job Manager|wpjmcf|custom-field-for-wp-job-manager
Custom Field Suite|cfs|custom-field-suite
Custom Menu Class|cmc_classes|custom-menu-class
Custom Order Status for WooCommerce|custom_order_status|custom-order-statuses-woocommerce
Custom Post Limits|guide|custom-post-limits
Custom Post Limits|guide1|custom-post-limits
Custom Post Limits|guide2|custom-post-limits
Custom Post Limits|sample|custom-post-limits
Custom Post Type Maker|cptm|custom-post-type-maker
Custom Post Type Maker|cptm_tax|custom-post-type-maker
Custom Post Type Permalinks|foo|custom-post-type-permalinks
Custom Profile Menu for BuddyPress|bp_custom_menu_page|bp-custom-menu
Custom Skins Contact Form 7|cf7cs|custom-skins-contact-form-7
Customer Reviews for WooCommerce|cr_tag|customer-reviews-woocommerce
Cyclone Slider|cycloneslider|cyclone-slider
Dashboard Sticky Notes|dsn|dashboard-sticky-notes
Deep Core|deep_woo_dash_pages|deepcore
Deep Core|deep_woo_loop_pages|deepcore
Deep Core|deep_woo_pages|deepcore
Deep Core|mega_menu|deepcore
Deep Core|wbf_footer|deepcore
Directorist|atbdp_orders|directorist
Discount Rules for WooCommerce|woo_discount|woo-discount-rules
Ditty|ditty|ditty-news-ticker
Ditty|ditty_display|ditty-news-ticker
Ditty|ditty_layout|ditty-news-ticker
Ditty|ditty_news_ticker|ditty-news-ticker
Document Embedder|ppt_viewer|document-emberdder
Document Viewer for Office|officeviewer|embed-office-viewer
Donation Button|donation_list|donation-button
Donation Button|donationgoal|donation-button
Doofinder for WooCommerce|no_next_post_type|doofinder-for-woocommerce
Download After Email|dae_download|download-after-email
Download Manager|wpdmpro|download-manager
Download Monitor|dlm_download|download-monitor
Download Monitor|dlm_download_version|download-monitor
Draw Attention|da_image|draw-attention
Easy Accordion|sp_easy_accordion|easy-accordion-free
Easy Charts|easy_charts|easy-charts
Easy Custom Sidebars|sidebar_instance|easy-custom-sidebars
Easy Digital Downloads|download|easy-digital-downloads
Easy Digital Downloads|edd_discount|easy-digital-downloads
Easy Digital Downloads|edd_log|easy-digital-downloads
Easy Digital Downloads|edd_payment|easy-digital-downloads
Easy Document Embedder|ede_embedder|easy-document-embedder
Easy GDPR Consent Forms|egcf_forms|easy-gdpr-consent-mailchimp
Easy GDPR Consent Forms|sphere_consent_log|easy-gdpr-consent-mailchimp
Easy Google Fonts|tt_font_control|easy-google-fonts
Easy Image Sizes|easy_image_sizes|easy-image-sizes
Easy Org Chart|e_org_chart_ps|easy-org-chart
Easy Photography Portfolio|phort_post|photography-portfolio
Easy Property Listings|business|easy-property-listings
Easy Property Listings|commercial|easy-property-listings
Easy Property Listings|commercial_land|easy-property-listings
Easy Property Listings|eigendom|easy-property-listings
Easy Property Listings|epl_contact|easy-property-listings
Easy Property Listings|land|easy-property-listings
Easy Property Listings|rental|easy-property-listings
Easy Property Listings|rural|easy-property-listings
Easy Property Listings|verhuur|easy-property-listings
Easy Social Feed|efbl_skins|easy-facebook-likebox
Easy Social Feed|mif_skins|easy-facebook-likebox
Easy Support Videos|easy_support_videos|easy-support-videos
Easy Watermark|unattached|easy-watermark
Easy Watermark|watermark|easy-watermark
EasyIndex|easyindex|easyindex
easyReservations|easy_order|easyreservations
easyReservations|easy_order_refund|easyreservations
easyReservations|easy_reservation|easyreservations
Ebook Store|ebook|ebook-store
Ebook Store|ebook_author|ebook-store
Ebook Store|ebook_order|ebook-store
Ebook Store|ebook_publisher|ebook-store
Ebook Store|ebook_series|ebook-store
Echelon Widgets for SiteOrigin|echelonso_layout|echelon-so
eCommerce Product Catalog Plugin for WordPress|al_digital_orders|ecommerce-product-catalog
eCommerce Product Catalog Plugin for WordPress|al_product|ecommerce-product-catalog
Ecwid Ecommerce Shopping Cart|ecwid_menu_item|ecwid-shopping-cart
Edwiser Bridge|eb_course|edwiser-bridge
Edwiser Bridge|eb_order|edwiser-bridge
EG-Attachments|egatmpl|eg-attachments
Einsatzverwaltung|einsatz|einsatzverwaltung
Elegant Blocks|cp_services|elegant-blocks
Elegant Blocks|ct_gallery|elegant-blocks
Elegant Blocks|ct_slider|elegant-blocks
Elegant Blocks|ct_teams|elegant-blocks
Elegant Blocks|ct_testimonials|elegant-blocks
Elegant Blocks|eb_clients|elegant-blocks
Elementor Contact Form DB|elementor_cf_db|sb-elementor-contact-form-db
ElementsKit Elementor addons|elementskit_content|elementskit-lite
ElementsKit Elementor addons|elementskit_template|elementskit-lite
ElementsKit Elementor addons|elementskit_widget|elementskit-lite
Elespare|elespare_builder|elespare
Email Subscribers & Newsletters|es_template|email-subscribers
Email Template Customizer for WooCommerce|viwec_template|email-template-customizer-for-woo
Email Template Designer|wphtmlmail_mail|wp-html-mail
Embed Privacy|epi_embed|embed-privacy
Essential Addons for Elementor|any|essential-addons-for-elementor-lite
Essential Real Estate|agent|essential-real-estate
Essential Real Estate|invoice|essential-real-estate
Essential Real Estate|property|essential-real-estate
Essential Real Estate|trans_log|essential-real-estate
Essential Real Estate|user_package|essential-real-estate
Estatik Real Estate Plugin|es_saved_search|estatik
Estatik Real Estate Plugin|properties|estatik
Event Management Tickets Booking By Event Monster|awl_event_monster|event-monster
Event Manager and Tickets Selling Plugin for WooCommerce|mep_event_speaker|mage-eventpress
Event Manager and Tickets Selling Plugin for WooCommerce|mep_events|mage-eventpress
Event Manager and Tickets Selling Plugin for WooCommerce|mep_events_attendees|mage-eventpress
Event Single Page Templates Addon For The Events Calendar|epta|event-page-templates-addon-for-the-events-calendar
Event Tickets and Registration|all|event-tickets
Event Tickets and Registration|rsvp_order_hash|event-tickets
Event Tickets and Registration|tpp_order_hash|event-tickets
EventPrime|em_booking|eventprime-event-calendar-management
EventPrime|em_event|eventprime-event-calendar-management
EventPrime|em_performer|eventprime-event-calendar-management
EventPrime|em_ticket|eventprime-event-calendar-management
Events Calendar for FooEvents|fe_eventbrite_event|fooevents-calendar
Events Calendar for GeoDirectory|gd_event|events-for-geodirectory
EWWW Image Optimizer|ims_image|ewww-image-optimizer
Export any WordPress data to XML/CSV|comments|wp-all-export
Extra Fees Plugin for WooCommerce|wc_conditional_fee|woo-conditional-product-fees-for-checkout
Falang multilanguage for WordPress|falang_mo|falang
Fancier Author Box by ThematoSoup|show_in_|fancier-author-box
FAQ Concertina|faqconc|faq-concertina
FCM Push Notification from WP|test|fcm-push-notification-from-wp
Feeds for YouTube|sby_videos|feeds-for-youtube
FileBird|picu_collection|filebird
Finale Lite|wcct_countdown|finale-woocommerce-sales-countdown-timer-discount
Five Star Restaurant Reservations|cffrtb_field|restaurant-reservations
Flamingo|flamingo_contact|flamingo
Flamingo|flamingo_inbound|flamingo
Flamingo|flamingo_outbound|flamingo
Flat PM|flat_pm_block|flatpm-wp
Flat PM|flat_pm_slider|flatpm-wp
Flat Rate Shipping Plugin For WooCommerce|wc_afrsm|woo-extra-flat-rate
Flat Rate Shipping Plugin For WooCommerce|wc_afrsm_zone|woo-extra-flat-rate
Flexible Product Fields|fpf_fields|flexible-product-fields
Flipbox Builder|fb|flipbox-builder
Flipboxes|flipboxes|flip-boxes
Flo Forms|flo_form_entry|flo-forms
Flo Forms|flo_forms|flo-forms
Floating Div|floating_div_ps|floating-div
Flutterwave Payment Forms|payment_list|rave-payment-forms
FOMO & Social Proof Notifications by TrustPulse|amn_|trustpulse-api
Fonto|font|fonto
Forge|forge_template|forge
Form Builder | Create Responsive Contact Forms|smuzform
Form Maker by 10Web|homepage|form-maker
Formidable Form Builder|frm_form_actions|formidable
Formidable Form Builder|frm_styles|formidable
Forminator|forminator_forms|forminator
Forminator|forminator_polls|forminator
Forminator|forminator_quizzes|forminator
Forminator|quizzes|forminator
FormLift for Infusionsoft Web Forms|infusion_form|formlift
Forms by CaptainForm|captainform_post|captainform
Free Follow-Up Emails & Marketing Automation for WooCommerce|shopmagic_automation|shopmagic-for-woocommerce
Free Responsive Tab Plugin For WordPress|everest_tab|everest-tab-lite
Free Responsive Testimonials, Social Proof Reviews, and Customer Reviews|stars_testimonial|stars-testimonials-with-slider-and-masonry-grid
Front End PM|fep_announcement|front-end-pm
Front End PM|fep_message|front-end-pm
Frontier Post|NONE|frontier-post
Fusion Page Builder|component|fusion
Fusion Page Builder|template|fusion
Gallery|easymediagallery|easy-media-gallery
Gallery Box|gallery_box|gallery-box
Gallery by BestWebSoft|gallery|gallery-plugin
Gallery for Social Photo|ginstagramfeed|feed-instagram-lite
Gallery Plugin for WordPress|envira|envira-gallery-lite
GamiPress|gamipress_logs|gamipress
GamiPress|step|gamipress
GD bbPress Attachments|reply|gd-bbpress-attachments
GEO my WordPress|gmw_location_type|geo-my-wp
Gift Cards|voucher_template|gift-voucher
Gift Cards|wpgv_voucher_product|gift-voucher
Glossary|private_taxonomy|glossary-by-codeat
Go Redirects URL Forwarder|gr_redirect|go-redirects
Goods Catalog|goods|goods-catalog
Google Drive WP Media|gdwpm_galleries|google-drive-wp-media
Grid Gallery|grid_gallery|new-grid-gallery
Groovy Menu Plugin|groovy_menu_preset|groovy-menu-free
Groups|delete_|groups
Groups|edit_|groups
GS Testimonial Slider|gs_testimonial|gs-testimonial
GTmetrix for WordPress|gfw_event|gtmetrix-for-wordpress
GTmetrix for WordPress|gfw_report|gtmetrix-for-wordpress
Gutenberg Blocks by Kadence Blocks|kadence_lottie|kadence-blocks
HashBar|wphash_ntf_bar|hashbar-wp-notification-bar
HD Quiz|post_type_questionna|hd-quiz
Hide Shipping Method For WooCommerce|wc_whsm|hide-shipping-method-for-woocommerce
Holler Box|hollerbox|holler-box
Hotel Booking|nd_booking_cpt_1|nd-booking
Hotel Booking|nd_booking_cpt_2|nd-booking
Hotel Booking|nd_booking_cpt_3|nd-booking
Hotel Booking|nd_booking_cpt_4|nd-booking
Hotel Booking|nd_booking_cpt_5|nd-booking
Hotel Booking|nd_booking_cpt_alert|nd-booking
Hotel Booking Lite|mphb_booking|motopress-hotel-booking-lite
Hotel Booking Lite|mphb_coupon|motopress-hotel-booking-lite
Hotel Booking Lite|mphb_payment|motopress-hotel-booking-lite
Hotel Booking Lite|mphb_rate|motopress-hotel-booking-lite
Hotel Booking Lite|mphb_room|motopress-hotel-booking-lite
Hotel Booking Lite|mphb_room_attribute|motopress-hotel-booking-lite
Hotel Booking Lite|mphb_room_service|motopress-hotel-booking-lite
Hotel Booking Lite|mphb_room_type|motopress-hotel-booking-lite
Hotel Booking Lite|mphb_season|motopress-hotel-booking-lite
HT Slider For Elementor|htslider_slider|ht-slider-for-elementor
Html5 Audio Player|audioplayer|html5-audio-player
HTML5 MP3 Player with Playlist Free|html5tap|html5-mp3-player-with-playlist
Html5 Video Player|videoplayer|html5-video-player
Hummingbird|wphb_minify_group|hummingbird-performance
Ibtana|ibtana_template|ibtana-visual-editor
Ibtana|iepa_template|ibtana-ecommerce-product-addons
Ideal Interactive Map|map_maps|ideal-interactive-map
IdeaPush|idea|ideapush
If-So Dynamic Content Personalization|ifso_triggers|if-so
iFeature Slider|if_slider|ifeature-slider
IgnitionDeck Crowdfunding & Commerce|maven_msg|ignitiondeck
Image Gallery|image_gallery|new-image-gallery
Image Hotspot by DevVN|points_image|devvn-image-hotspot
Image Hover Effects Css3|image_hover_effect|image-hover-effects-css3
Image Slider|easyimageslider|image-slider-widget
Image Social Feed Plugin|wsinsta_social_feed|add-instagram
Import and export users and customers|acui_email_template|import-users-from-csv-with-meta
Import and Export XML, CSV, Images to WordPress|forum|wp-ultimate-csv-importer
Import and Export XML, CSV, Images to WordPress|lp_lesson|wp-ultimate-csv-importer
Import and Export XML, CSV, Images to WordPress|lp_quiz|wp-ultimate-csv-importer
Import Eventbrite Events|iee_import_history|import-eventbrite-events
Import Eventbrite Events|iee_scheduled_import|import-eventbrite-events
Import Property Listings into WP Residence|estate_agent|wp-residence-add-on-for-wp-all-import
Import Social Events|fb_scheduled_imports|import-facebook-events
Import Social Events|ife_import_history|import-facebook-events
Import XML and RSS Feeds|moove_feed_importer|import-xml-feed
IMPress for IDX Broker|employee|idx-broker-platinum
IMPress for IDX Broker|idx_page|idx-broker-platinum
IMPress for IDX Broker|impress_gmb_post|idx-broker-platinum
IMPress for IDX Broker|listing|idx-broker-platinum
InfiniteWP Client|iwp_log|iwp-client
InfiniteWP Client|link_library_links|iwp-client
Infographic Maker|ilist|infographic-and-list-builder-ilist
InPost for WooCommerce|dispatch_order|woo-inpost
Insert Headers and Footers Code|ihafs_script|insert-headers-and-footers-script
Inspiry Memberships for RealHomes|ims_membership|inspiry-memberships
Inspiry Memberships for RealHomes|ims_receipt|inspiry-memberships
IssueM|article|issuem
iubenda|iubenda_form|iubenda-cookie-law-solution
Jeg Elementor Kit|single|jeg-elementor-kit
Jetpack|feedback|jetpack
Jetpack|jetpack_migration|jetpack
Jetpack|safecss|jetpack
Jetpack|unknown|jetpack
Jetpack CRM|zerobs_company|zero-bs-crm
Jetpack CRM|zerobs_customer|zero-bs-crm
Jetpack CRM|zerobs_event|zero-bs-crm
Jetpack CRM|zerobs_form|zero-bs-crm
Jetpack CRM|zerobs_invoice|zero-bs-crm
Jetpack CRM|zerobs_log|zero-bs-crm
Jetpack CRM|zerobs_quo_template|zero-bs-crm
Jetpack CRM|zerobs_quote|zero-bs-crm
Jetpack CRM|zerobs_transaction|zero-bs-crm
Job Board Manager|application|job-board-manager
Job Board Manager|job|job-board-manager
Job Board Manager|payment|job-board-manager
Job Manager & Career|thjm_applicants|job-manager-career
Job Manager & Career|thjm_jobs|job-manager-career
Jobs for WordPress|jobs|job-postings
JoomSport|joomsport_match|joomsport-sports-league-results-management
JoomSport|joomsport_person|joomsport-sports-league-results-management
JoomSport|joomsport_player|joomsport-sports-league-results-management
JoomSport|joomsport_season|joomsport-sports-league-results-management
JoomSport|joomsport_team|joomsport-sports-league-results-management
JoomSport|joomsport_venue|joomsport-sports-league-results-management
JTRT Responsive Tables|jtrt_tables_post|jtrt-responsive-tables
Kata Plus|kata_plus_builder|kata-plus
Keyring|kr_access_token|keyring
Keyring|kr_request_token|keyring
Keywords to Links Converter|lar_link|links-auto-replacer
Kingkong Board|kkb_|kingkong-board
Kingkong Board|kkboard|kingkong-board
Kopa Nictitate Toolkit|staffs|kopa-nictitate-toolkit
Kubio Page Builder|kubio_changeset|kubio
La Sentinelle antispam|la_sentinelle_log|la-sentinelle-antispam
Lana Downloads Manager|lana_download|lana-downloads-manager
Landing Page Builder|ulpb_post|page-builder-add
Landing Page Builder|landingpage_f|ultimate-landing-page
Landing Page Cat|landingpage|landing-page-cat
Layer Slider|wprls_slider|slider-slideshow
Layouts for Divi|et_pb_layout|layouts-for-divi
LeadConnector|lc_funnels|leadconnector
LeadSquared Suite|leadsquared_cf7_logs|leadsquared-suite
LeadSquared Suite|leadsquared_form|leadsquared-suite
Leaky Paywall|lp_incomplete_user|leaky-paywall
Leaky Paywall|lp_transaction|leaky-paywall
LearnPress|lp_course|learnpress
LearnPress|lp_order|learnpress
LearnPress|lp_question|learnpress
Lenix Elementor Leads addon|elementor_lead|lenix-elementor-leads-addon
Leyka|leyka_campaign|leyka
Leyka|leyka_donation|leyka
Libsyn Publisher Hub|jw_playlist|libsyn-podcasting
LifterLMS|access_plan|lifterlms
LifterLMS|achievement|lifterlms
LifterLMS|certificate|lifterlms
LifterLMS|coupon|lifterlms
LifterLMS|course|lifterlms
LifterLMS|lesson|lifterlms
LifterLMS|llms_access_plan|lifterlms
LifterLMS|llms_achievement|lifterlms
LifterLMS|llms_coupon|lifterlms
LifterLMS|llms_email|lifterlms
LifterLMS|llms_engagement|lifterlms
LifterLMS|llms_form|lifterlms
LifterLMS|llms_membership|lifterlms
LifterLMS|llms_my_achievement|lifterlms
LifterLMS|llms_my_certificate|lifterlms
LifterLMS|llms_order|lifterlms
LifterLMS|llms_question|lifterlms
LifterLMS|llms_quiz|lifterlms
LifterLMS|llms_review|lifterlms
LifterLMS|llms_transaction|lifterlms
LifterLMS|llms_voucher|lifterlms
LifterLMS|membership|lifterlms
LifterLMS|order|lifterlms
LifterLMS|question|lifterlms
LifterLMS|quiz|lifterlms
LifterLMS|section|lifterlms
LifterLMS|transaction|lifterlms
Lightbox slider|slgf_slider|simple-lightbox-gallery
Lightweight Widget Area Plugin|condition_group|content-aware-sidebars
Lightweight Widget Area Plugin|sidebar_group|content-aware-sidebars
Link to Post|PAGE|link-to-post
Linkt|Linkt|linkt
LIQUID BLOCKS GALLERY 37+ Free Designs|liquid_block|liquid-blocks
Listing, Classified Ads & Business Directory|listing_type|ulisting
Listing, Classified Ads & Business Directory|stm_pricing_plans|ulisting
LMS by Masteriyo|course_difficulty|learning-management-system
LMS by Masteriyo|course_progress|learning-management-system
LMS by Masteriyo|course_tag|learning-management-system
LMS by Masteriyo|user_course|learning-management-system
Local Search SEO Contact Page|ebs_location|local-search-seo-contact-page
Location Weather|location_weather|location-weather
Locations|location|locations
Log Emails|log_emails_log|log-emails
Logbook|logbook|logbook
Logo Carousel|sp_lc_shortcodes|logo-carousel-free
Logo Carousel|sp_logo_carousel|logo-carousel-free
Logo Carousel|scrollingcarousel|responsive-client-logo-carousel-slider
Logo Carousel Slider|logocarousel|logo-carousel-slider
Logo Showcase|tplogoshowcase|logo-showcase
Logo Showcase Ultimate|lcg_mainpost|logo-showcase-ultimate
Logo Showcase Ultimate|lcg_shortcode|logo-showcase-ultimate
Logo Slider|lgx_lsp_shortcodes|logo-slider-wp
Logo Slider|logosliderwp|logo-slider-wp
Logo Slider and Showcase|wlshowcase|wp-logo-showcase
Logo Slider Carousel|tclogoslider|tc-logo-slider
Lucky Wheel for WooCommerce|wlwl_email|woo-lucky-wheel
Magee Shortcodes|magee_slider|magee-shortcodes
MailChimp Subscribe Form, Optin Builder, PopUp Builder, Form Builder|pluginops_forms|mailchimp-subscribe-sm
MailPoet|wc_membership_plan|mailpoet
MailPoet|wc_user_membership|mailpoet
MailPoet Newsletters|wysijap|wysija-newsletters
MainWP Dashboard|bulkpage|mainwp
MainWP Dashboard|bulkpost|mainwp
Map Me|mm|map-me
Maps Plugin using Google Maps for WordPress|wpgmapembed|gmap-embed
Marketing and SEO Booster|composer_widget|marketing-and-seo-booster
Marketing and SEO Booster|modal_window|marketing-and-seo-booster
MAS Companies For WP Job Manager|company|mas-wp-job-manager-company
MAS Static Content|mas_static_content|mas-static-content
MAS Videos|episode|masvideos
MAS Videos|movie_playlist|masvideos
MAS Videos|person|masvideos
MAS Videos|tv_show|masvideos
MAS Videos|tv_show_playlist|masvideos
MAS Videos|video|masvideos
MAS Videos|video_playlist|masvideos
Master Addons for Elementor|master_template|master-addons
Master Addons for Elementor|mastermega_content|master-addons
MaxSlider|maxslider_slider|maxslider
Media Library Assistant|feature|media-library-assistant
Media Library Assistant|mladisablerml|media-library-assistant
Media Library Assistant|mladisabletaxjoin|media-library-assistant
Media Library Folders|maxgallery|media-library-plus
Media Library Folders|mgmlp_media_folder|media-library-plus
Meteor Slides|slide|meteor-slides
Migration, Backup, Staging|pages|wpvivid-backuprestore
Migration, Backup, Staging|posts|wpvivid-backuprestore
Mihdan|ajax_edit_comments|wp-ajax-edit-comments
Minimum and Maximum Quantity for WooCommerce|wc_mmqw|min-and-max-quantity-for-woocommerce
Mobile CSS|mc_rule|mobile-css
Modal Popup Box|modalpopupbox|modal-popup-box
Mooberry Book Manager|mbdb_book|mooberry-book-manager
Mooberry Book Manager|mbdb_book_grid|mooberry-book-manager
Most Commented Widget|both|most-commented
Motors|test_drive_request|motors-car-dealership-classified-listings
Multivendor Marketplace Solution for WooCommerce|dc_commission|dc-woocommerce-multi-vendor
Multivendor Marketplace Solution for WooCommerce|dc_vendor|dc-woocommerce-multi-vendor
Multivendor Marketplace Solution for WooCommerce|wcmp_transaction|dc-woocommerce-multi-vendor
Multivendor Marketplace Solution for WooCommerce|wcmp_university|dc-woocommerce-multi-vendor
Multivendor Marketplace Solution for WooCommerce|wcmp_vendor_notice|dc-woocommerce-multi-vendor
Multivendor Marketplace Solution for WooCommerce|wcmp_vendorrequest|dc-woocommerce-multi-vendor
My WP Customize Admin/Frontend|mywp_admin_sidebar|my-wp
My WP Customize Admin/Frontend|mywp_admin_toolbar|my-wp
My WP Customize Admin/Frontend|mywp_front_toolbar|my-wp
My WP Customize Admin/Frontend|mywp_logger|my-wp
MyBookTable Bookstore by Stormhill Media|mbt_book|mybooktable
MyBookTable Bookstore by Stormhill Media|mbt_books|mybooktable
myCred|buycred_payment|mycred
myCred|mycred_badge|mycred
myCred|mycred_email_notice|mycred
MyCurator Content Curation|mct_notebk|mycurator
MyCurator Content Curation|mct_notepg|mycurator
MyCurator Content Curation|target_ai|mycurator
Namaste! LMS|namaste_course|namaste-lms
Namaste! LMS|namaste_homework|namaste-lms
Namaste! LMS|namaste_module|namaste-lms
ND Shortcodes|locations|nd-shortcodes
Nelio AB Testing|nab_experiment|nelio-ab-testing
Nelio Content|nc_reference|nelio-content
Nested Pages|post_|wp-nested-pages
New User Approve|invitation_code|new-user-approve
Newsletter & Bulk Email Sender|bulkmail_rss_|newsletter-bulk-email
Newsletter & Bulk Email Sender|newsletter|newsletter-bulk-email
Newsletter & Bulk Email Sender|subscriber|newsletter-bulk-email
Newspack Newsletters|newspack_nl_cpt|newspack-newsletters
NextMove Lite|xlwcty_thankyou|woo-thank-you-page-nextmove-lite
NextScripts|nxs_filter|social-networks-auto-poster-facebook-twitter-g
NextScripts|nxs_qp|social-networks-auto-poster-facebook-twitter-g
Nimble Page Builder|not_set|nimble-builder
Ninja Forms Contact Form|nf_sub|ninja-forms
Nirweb support|pre_answer_wpyTicket|nirweb-support
Nooz|nooz_coverage|nooz
Nooz|nooz_release|nooz
NOTICE BOARD|notice|notice-board
Notification|notification|notification
NotificationX|_tp_|notificationx
NotificationX|notificationx|notificationx
NotificationX|nx_bar|notificationx
Ocean Extra|oceanwp_library|ocean-extra
Ocean Modal Window|ocean_modal_window|ocean-modal-window
Ocean Posts Slider|ocean_posts_slider|ocean-posts-slider
Omise WooCommerce|omise_charge_items|omise
ONTRApages|ontrapage|ontrapages
Opal Mega Menu|opal_menu_item|opal-megamenu-for-elementor
Opal Membership|membership_coupons|opal-membership
Opal Membership|membership_packages|opal-membership
Opal Membership|membership_payments|opal-membership
Opal Service|opal_service|opal-service
Opal Widgets For Elementor|footer|opal-widgets-for-elementor
Opal Widgets For Elementor|header|opal-widgets-for-elementor
Order Export & Order Import for WooCommerce|hf_shop_subscription|order-import-export-for-woocommerce
Our Team Members|wpb_otm_shortcode|our-team-members
Our Team Members|wpb_team_members|our-team-members
Ovic Addon Toolkit|ovic_footer|ovic-addon-toolkit
Ovic Addon Toolkit|ovic_menu|ovic-addon-toolkit
Ovic Addon Toolkit|question_answers|ovic-addon-toolkit
OWL Carousel Slider|lgxcarousel|lgx-owl-carousel
Owl Carousel WP|ocw_carousel|owl-carousel-wp
Page Builder|dslc_downloads|live-composer-page-builder
Page Builder|dslc_galleries|live-composer-page-builder
Page Builder|dslc_hf|live-composer-page-builder
Page Builder|dslc_partners|live-composer-page-builder
Page Builder|dslc_projects|live-composer-page-builder
Page Builder|dslc_staff|live-composer-page-builder
Page Builder|dslc_templates|live-composer-page-builder
Page Builder|dslc_testimonials|live-composer-page-builder
Panorama|psp_projects|project-panorama-lite
Passster|protected_areas|content-protector
Payment Forms for Paystack|paystack_form|payment-forms-for-paystack
Payment forms, Buy now buttons and Invoicing System | GetPaid|wpi_discount
Payment Plugins Braintree For WooCommerce|bfwc_subscription|woo-payment-gateway
Paytium|pt_payment|paytium
Paytium|pt_subscription|paytium
PDF Flipbook, 3D Flipbook WordPress|dflip|3d-flipbook-dflip-lite
PDF Invoices and Packing Slips For WooCommerce|apifw_inv_templates|pdf-invoices-and-packing-slips-for-woocommerce
PDF Poster|pdfposter|pdf-poster
PDF Viewer & 3D PDF Flipbook|dearpdf|dearpdf-lite
People Profile CPT|people|people-profile-cpt
Photo Gallery|_light_image_gallery|new-photo-gallery
Photo Gallery by 10Web|bwg_album|photo-gallery
Photo Gallery by 10Web|bwg_gallery|photo-gallery
Photo Gallery by 10Web|bwg_share|photo-gallery
Photo Gallery by 10Web|bwg_tag|photo-gallery
Photo Video Gallery Master|pvgm_gallery|photo-video-gallery-master
PHP Compatibility Checker|wpephpcompat_jobs|php-compatibility-checker
PickPlugins Product Slider for WooCommerce|wcps|woocommerce-products-slider
PickPlugins Product Slider for WooCommerce|wcps_layout|woocommerce-products-slider
PixelYourSite|pys_event|pixelyoursite
PixProof|proof_gallery|pixproof
Plugin Organizer|plugin_filter|plugin-organizer
Plugin Organizer|plugin_group|plugin-organizer
Podcast Subscribe Buttons|secondline_psb_post|podcast-subscribe-buttons
Podlove Podcast Publisher|podcast|podlove-podcasting-plugin-for-wordpress
Pods|_pods_field|pods
Pods|_pods_group|pods
Pods|_pods_pod|pods
Pods|post_type|pods
Pojo Forms|pojo_forms|pojo-forms
Polylang|polylang_mo|polylang
Popup Builder|easynotify|easy-notify-lite
Popup Builder by OptinMonster|omapi|optinmonster
Popups|spucpt|popups
Popups, Welcome Bar, Optins and Lead Generation Plugin|ig_campaign|icegram
Popups, Welcome Bar, Optins and Lead Generation Plugin|ig_message|icegram
Portfolio for Elementor, Image Gallery & Post Grid  | PowerFolio|elemenfolio
Portfolio Gallery|awl_filter_gallery|portfolio-filter-gallery
Portfolio Gallery|op_items|unitegallery
Post and Page Builder by BoldGrid|bg_block|post-and-page-builder
Post Grid|post_grid|post-grid
Post Grid|post_grid_layout|post-grid
Post Grid, Post Carousel, & List Category Posts|sp_post_carousel|post-carousel
Post Slider|adlpostslider|adl-post-slider
Post, Registration and Profile Form Builder|bf_submissions|buddyforms
Post, Registration and Profile Form Builder|buddyforms|buddyforms
PostX|ultp_templates|ultimate-post
Power BI Embedded for WordPress|powerbi|embed-power-bi
Power Ups for Elementor|elemenfolio|power-ups-for-elementor
Powerful Gutenberg Blocks and Templates|ghostkit_template|ghostkit
Premium Courses & eLearning for Members with Paid Memberships Pro, LearnDash, & LifterLMS|pmpro_course|pmpro-courses
Premium Courses & eLearning for Members with Paid Memberships Pro, LearnDash, & LifterLMS|pmpro_lesson|pmpro-courses
Pricing Deals for WooCommerce|ywsbs_subscription|pricing-deals-for-woocommerce
Pricing Table|tcpricingtable|tc-pricing-table
Pricing Table by PickPlugins|pricingtable|pricingtable
Product Carousel For WooCommerce|wrsl|woorousell
Product Catalog|tcpc|tc-product-catalog
Product Designer|clipart|product-designer
Product Designer|pd_order|product-designer
Product Designer|pd_pre_template|product-designer
Product Designer|pd_template|product-designer
Product Designer|shape|product-designer
Product Enquiry for WooCommerce|gmwqp_enquiry|gm-woocommerce-quote-popup
Product Options and Price Calculation Formulas for WooCommerce|uni_cpo_option|uni-woo-custom-product-options
Product Options and Price Calculation Formulas for WooCommerce|uni_module|uni-woo-custom-product-options
Product Size Chart for Woocommerce|chart|productsize-chart-for-woocommerce
Product Slider for WooCommerce|sp_wps_shortcodes|woo-product-slider
Product Slider For WooCommerce Lite|productsliderwoo|product-slider-for-woocommerce-lite
Product Table for WooCommerce|wpt_product_table|woo-product-table
ProductX|wopb_builder|product-blocks
ProductX|wopb_templates|product-blocks
Profile Box Shortcode And Widget|fblb_shortcode_cpt|facebook-likebox-widget-and-shortcode
ProfileGrid|profilegrid_blogs|profilegrid-user-profiles-groups-and-communities
Progress Bar & Skill Bar|progressbar_wp_r|progress-bar-wp
Promotion Slider|promotion|promotion-slider
Promotion Slider|ps_promotion|promotion-slider
Pronamic Pay|pronamic_gateway|pronamic-ideal
Pronamic Pay|pronamic_pay_gf|pronamic-ideal
Pronamic Pay|pronamic_pay_subscr|pronamic-ideal
Pronamic Pay|pronamic_payment|pronamic-ideal
PropertyHive|appraisal|propertyhive
PropertyHive|contact|propertyhive
PropertyHive|key_date|propertyhive
PropertyHive|offer|propertyhive
PropertyHive|office|propertyhive
PropertyHive|sale|propertyhive
PropertyHive|tenancy|propertyhive
PropertyHive|viewing|propertyhive
PublishPress|psppnotif_workflow|publishpress
QR Redirector|qrcode|qr-redirector
Quiz And Survey Master|qmn_log|quiz-master-next
Quiz And Survey Master|qsm_quiz|quiz-master-next
Quiz Cat|fca_qc_quiz|quiz-cat
Quotes and Tips by BestWebSoft|quote|quotes-and-tips
Quotes and Tips by BestWebSoft|tips|quotes-and-tips
Qyrr|qr|qyrr-code
Radio Player|radio|radio-player
Rainmaker Form|rainmaker_form|icegram-rainmaker
Rainmaker Form|rainmaker_lead|icegram-rainmaker
Random Content|endo_wrc_cpt|random-content
Real Testimonials|spt_shortcodes|testimonial-free
Real Testimonials|spt_testimonial|testimonial-free
Real Testimonials|spt_testimonial_form|testimonial-free
Recently Viewed Products|rvp|recently-viewed-products
Recipe Card Blocks for Gutenberg & Elementor|wpzoom_rcb|recipe-card-blocks-by-wpzoom
Redirection for Contact Form 7|wpcf7r_action|wpcf7-redirect
Redirection for Contact Form 7|wpcf7r_leads|wpcf7-redirect
Request a Quote|emd_quote|request-a-quote
Request Form for Zendesk|zrf_custom_field|zendesk-request-form
Responsive flipbook wordpress plugin free download|publications|wppdf
Responsive Google Map|wrg_rgm|responsive-google-map
Responsive Lightbox & Gallery|rl_gallery|responsive-lightbox
Responsive Menu|rmp_menu|responsive-menu
Responsive Pricing Table|rpt_pricing_table|dk-pricr-responsive-pricing-table
Responsive Slider Gallery|responsive_slider|responsive-slider-gallery
Responsive Tabs|rtbs_tabs|responsive-tabs
Responsive WordPress Slider|sliders|flexslider-hg
Responsive WordPress Slider|slides|flexslider-hg
Restaurant Menu by MotoPress|mprm_log|mp-restaurant-menu
Restaurant Menu by MotoPress|mprm_order|mp-restaurant-menu
Restaurant Reservations|nd_rst_cpt_1|nd-restaurant-reservations
RestaurantPress|food_group|restaurantpress
RestaurantPress|food_menu|restaurantpress
RestroPress|fooditem|restropress
RestroPress|rpress_discount|restropress
RestroPress|rpress_log|restropress
RestroPress|rpress_payment|restropress
Resume Builder|rb_resume|resume-builder
Reusable Content Blocks|rc_blocks|reusable-content-blocks
Rock Convert|cta|rock-convert
Rolo Slider|rolo_slider|rolo-slider
Royal Elementor Addons|wpr_templates|royal-elementor-addons
RSS Aggregator by Feedzy|feedzy_categories|feedzy-rss-feeds
RSS Aggregator by Feedzy|feedzy_imports|feedzy-rss-feeds
rtMedia for WordPress, BuddyPress and bbPress|rtmedia_album|buddypress-media
RVM|rvm|responsive-vector-maps
Safe Redirect Manager|redirect_rule|safe-redirect-manager
Salon booking system|sln_booking|salon-booking-system
Schema & Structured Data for WP & AMP|acf|schema-and-structured-data-for-wp
Schema & Structured Data for WP & AMP|saswp|schema-and-structured-data-for-wp
Schema & Structured Data for WP & AMP|saswp_reviews|schema-and-structured-data-for-wp
Schema & Structured Data for WP & AMP|saswp_rvs_location|schema-and-structured-data-for-wp
Schema App Structured Data|Author|schema-app-structured-data-for-schemaorg
Schema App Structured Data|Blog|schema-app-structured-data-for-schemaorg
Schema App Structured Data|Category|schema-app-structured-data-for-schemaorg
Schema App Structured Data|Search|schema-app-structured-data-for-schemaorg
Schema App Structured Data|Tag|schema-app-structured-data-for-schemaorg
Scrollbar by webxapp|wxacs_theme|scrollbar-by-webxapp
Seamless Donations|donor|seamless-donations
Seamless Donations|funds|seamless-donations
Sell Media|sell_media_item|sell-media
Sell Media|sell_media_payment|sell-media
SendPress Newsletters|sendpress|sendpress
SendPress Newsletters|sendpress_jobs|sendpress
SendPress Newsletters|sendpress_list|sendpress
SendPress Newsletters|sp_newsletters|sendpress
SendPress Newsletters|sp_report|sendpress
SendPress Newsletters|sp_settings|sendpress
SendPress Newsletters|sp_template|sendpress
SendPress Newsletters|spnl_log|sendpress
SendPress Newsletters|sptemplates|sendpress
SendPulse Email Marketing Newsletter|sendpulse_form|sendpulse-email-marketing-newsletter
Sensei LMS|multiple_question|sensei-lms
Sensei LMS|sensei_message|sensei-lms
Sensei LMS Certificates|certificate_template|sensei-certificates
SEO Plugin by Squirrly SEO|archive|squirrly-seo
SEO Plugin by Squirrly SEO|category|squirrly-seo
SEO Plugin by Squirrly SEO|home|squirrly-seo
SEO Plugin by Squirrly SEO|post_tag|squirrly-seo
SEO Plugin by Squirrly SEO|profile|squirrly-seo
SEO Plugin by Squirrly SEO|search|squirrly-seo
SEO Plugin by Squirrly SEO|shop|squirrly-seo
SEO Plugin by Squirrly SEO|tag|squirrly-seo
Sermon Manager|wpfc_sermon|sermon-manager-for-wordpress
Sermon'e|sermone|sermone-online-sermons-management
Service Box Showcase|wpsm_servicebox_r|service-box
Service Box Showcase|wpsm_Servicebox_r|service-box
SEUR Oficial|seur_labels|seur
Shared Files|shared_file|shared-files
Shipping by Rules for WooCommerce|shipping_rules|shipping-by-rules-for-woocommerce
Shipping Zones by Drawing for WooCommerce|szbdzones|shipping-zones-by-drawing-for-woocommerce
Shiprocket|users|shiprocket
Shoppable Images|mb_siwc_lite_image|mabel-shoppable-images-lite
Shopping Cart & eCommerce Store|ec_store|wp-easycart
Shortcodes by Angie Makes|wcs_collage|wc-shortcodes
Shortcodes by Angie Makes|wcs_slide|wc-shortcodes
Shortcodes for Elementor|rs_elements|shortcode-elementor
ShortCodes UI|ba_sh|shortcodes-ui
Sign-up Sheets|dlssus_signup|sign-up-sheets
Sign-up Sheets|dlssus_task|sign-up-sheets
Simple Calendar|calendar|google-calendar-events
Simple Content Templates for Blog Posts & Pages|act_template|simple-post-template
Simple Download Monitor|sdm_downloads|simple-download-monitor
Simple Giveaways|_|giveasap
Simple Giveaways|giveasap|giveasap
Simple Job Board|jobpost|simple-job-board
Simple Job Board|jobpost_applicants|simple-job-board
Simple Link Directory|sld|simple-link-directory
Simple Locator|wpslimport|simple-locator
Simple Locator|wpslmaps|simple-locator
Simple Membership|swpm_payment_button|simple-membership
Simple Membership|swpm_transactions|simple-membership
Simple News|news|simple-news
Simple Posts Ticker|spt_ticker|simple-posts-ticker
Simple Testimonials Showcase|simple_testimonials|simple-testimonials-showcase
Simple User Registration|wpr|wp-registration
Simple Wishlists for Weddings, Birthdays etc.|wpgr_wishlist|wpgiftregistry
SimpleShop|ssc_group|simpleshop-cz
Size Chart WooCommerce|ocscw_size_chart|size-chart-woocommerce
Sliced Invoices|sliced_invoice|sliced-invoices
Sliced Invoices|sliced_quote|sliced-invoices
Slide Anything|sa_slider|slide-anything
SlideDeck 1 Lite Content Slider|slidedeck|slidedeck-lite-for-wordpress
SlideDeck 1 Lite Content Slider|slidedeck_slide|slidedeck-lite-for-wordpress
SlideDeck 2 Lite Responsive Content Slider|slidedeck2|slidedeck2
Slider|ris_gallery|ultimate-responsive-image-slider
Slider|media_slider|media-slider
Slider by Soliloquy|soliloquy|soliloquy-lite
Slider Responsive Slideshow|slider_responsive|slider-responsive-slideshow
Slideshow CK|slideshowck|slideshow-ck
Smart Forms|smartforms_preview|smart-forms
Smart Grid-Layout Design for Contact Form 7|cf7sg_page|cf7-grid-layout
Smart WYSIWYG Blocks Of Content|smartblock|smart-wysiwyg-blocks-of-content
Smash Balloon Social Post Feed|event|custom-facebook-feed
SMS Alert Order Notifications|sainstocknotifier|sms-alert
Snitch|snitch|snitch
Social Feed | All social media in one place|wssf_social_feed
Social Feed | Custom Feed for Social Media Networks|sfbap1_social_feed
Social Icons|social_icon|social-icons
Spice Post Slider|spice_post_slider|spice-post-slider
Sponsors|sponsors|wp-sponsors
SportsPress|sp_calendar|sportspress
SportsPress|sp_column|sportspress
SportsPress|sp_event|sportspress
SportsPress|sp_list|sportspress
SportsPress|sp_metric|sportspress
SportsPress|sp_official|sportspress
SportsPress|sp_outcome|sportspress
SportsPress|sp_performance|sportspress
SportsPress|sp_player|sportspress
SportsPress|sp_result|sportspress
SportsPress|sp_spec|sportspress
SportsPress|sp_staff|sportspress
SportsPress|sp_statistic|sportspress
SportsPress|sp_table|sportspress
SportsPress|sp_team|sportspress
SQL Chart Builder|gvn_schart|sql-chart-builder
Stackable|stackable_temp_post|stackable-ultimate-gutenberg-blocks
Staff List|cpt_staff_az_menu|staff-list
Staff List|cpt_staff_grps|staff-list
Staff List|cpt_staff_lst|staff-list
Staff List|cpt_staff_lst_item|staff-list
Staff List|cpt_staff_lst_menu|staff-list
Staff List|cpt_staff_lst_qrcode|staff-list
Staff List|cpt_staff_lst_vcard|staff-list
Statify|popular|extended-evaluation-for-statify
Store Toolkit for WooCommerce|event_magic_tickets|woocommerce-store-toolkit
Store Toolkit for WooCommerce|export_template|woocommerce-store-toolkit
Store Toolkit for WooCommerce|offline_payment|woocommerce-store-toolkit
Store Toolkit for WooCommerce|scheduled_export|woocommerce-store-toolkit
Store Toolkit for WooCommerce|scheduled_import|woocommerce-store-toolkit
Store Toolkit for WooCommerce|wc_appointment|woocommerce-store-toolkit
Store Toolkit for WooCommerce|wc_booking|woocommerce-store-toolkit
StoreOne Extension|tf_blog_slider|storeone-extension
StoreOne Extension|tf_shop_slider|storeone-extension
StoreOne Extension|tf_slider|storeone-extension
StoreOne Extension|tf_testimonials|storeone-extension
StreamCast|streamcast|streamcast
Student Result or Employee Database|ssr_cgpa|simple-student-result
Student Result or Employee Database|ssr_subjects|simple-student-result
StylePress for Elementor|dtbaker_style|full-site-builder-for-elementor
Sublanguage|language|sublanguage
Subscribe Forms|sfba_subscribe_form|wp-subscribe-form
Subscribe to Category|notifications|subscribe-to-category
Subscribe to Category|stc|subscribe-to-category
Subscriptions & Memberships for PayPal|wpplugin_sub_order|subscriptions-memberships-for-paypal
Subscriptions & Memberships for PayPal|wpplugin_subscr|subscriptions-memberships-for-paypal
Subscriptions & Memberships for PayPal|wpplugin_subscr_cancel|subscriptions-memberships-for-paypal
Subscriptions & Memberships for PayPal|wpplugin_subscr_eot|subscriptions-memberships-for-paypal
Sunny|slpages_post|sunnylandingpages
Super Testimonials|Testimonials|sola-testimonials
Super Video Player|svplayer|super-video-player
SupportCandy|wpsc_ticket|supportcandy
SupportCandy|wpsc_ticket_thread|supportcandy
Supreme Modules Lite|dsm_header_footer|supreme-modules-for-divi
Sydney Toolbox|clients|sydney-toolbox
Sydney Toolbox|employees|sydney-toolbox
Sydney Toolbox|projects|sydney-toolbox
Sydney Toolbox|services|sydney-toolbox
Sydney Toolbox|testimonials|sydney-toolbox
Tab Ultimate|tp_tab_pro|tabs-pro
Table Rate Shipping Method for WooCommerce by Flexible Shipping|shipping_manifest|flexible-shipping
TablePress|tablepress_table|tablepress
Tablesome|tablesome_cpt|tablesome
Tabs|tabs_responsive|tabs-responsive
Tabs & Accordion|tabs|tabs
TaxoPress is the WordPress Tag, Category, and Taxonomy Manager|taxopress_logs|simple-tags
Team|team_mf|team-showcase
Team|team_mf_team|team-showcase
Team Builder|team_builder|team-builder
Team Builder Member Showcase|tbms_cpt_name|team-builder-member-showcase
Team Members|tmm|team-members
Team Members Showcase|team_Member|dazzlersoft-teams
Team Members Staff Showcase Plugin|emd_employee|employee-spotlight
Team Showcase|team_layout|team
Team Showcase|team_member|team
Team Slider and Team Grid Showcase plus Team Carousel|team_showcase_post|wp-team-showcase-and-slider
Team View|tv_member|team-view
Telegram Bot & Channel|telegram_commands|telegram-bot
Telegram Bot & Channel|telegram_groups|telegram-bot
Telegram Bot & Channel|telegram_subscribers|telegram-bot
TemplatesNext ToolKit|team|templatesnext-toolkit
Terms descriptions|ext_link|terms-descriptions
Testimonial|test_builder|testimonial-builder
Testimonial|tctestimonial|tc-testimonial
Testimonial Slider|testimonial_template|testimonial
Testimonials|ktsprotype|super-testimonial
TF Random Numbers|tf_stats|tf-numbers-number-counter-animaton
The Awesome Feed|fbfba_facebook_feed|wp-facebook-feed
The Events Calendar|_Event|the-events-calendar
The Events Calendar|_Organizer|the-events-calendar
The Events Calendar|_Venue|the-events-calendar
The Events Calendar|tribe_events|the-events-calendar
The GDPR Framework By Data443|donotsellrequests|gdpr-framework
The Ultimate Video Player For WordPress|pp_video_block|presto-player
Theater for WordPress|wp_theatre_season|theatre
Theme Blvd Layout Builder|tb_layout|theme-blvd-layout-builder
Theme Blvd Sliders|tb_slider|theme-blvd-sliders
Theme Blvd Widget Areas|tb_sidebar|theme-blvd-widget-areas
ThemeKit For WordPress|themekitforwp|themekit
ThemeRain Core|project|themerain-core
Themesflat Addons For Elementor|tf_header_footer|themesflat-addons-for-elementor
Themify Popup|themify_popup|themify-popup
ThirstyAffiliates Affiliate Link Manager|thirstylink|thirstyaffiliates
This Day In History|tdih_event|this-day-in-history
Tickera|public|tickera-event-ticketing-system
Tickera|tc_api_keys|tickera-event-ticketing-system
Tickera|tc_discounts|tickera-event-ticketing-system
Tickera|tc_events|tickera-event-ticketing-system
Tickera|tc_orders|tickera-event-ticketing-system
Tickera|tc_templates|tickera-event-ticketing-system
Tickera|tc_tickets|tickera-event-ticketing-system
Tickera|tc_tickets_instances|tickera-event-ticketing-system
Timeline and History slider|timeline_slider_post|timeline-and-history-slider
Timeline Express|te_announcements|timeline-express
Timeline History|history_post|timeline-history
TinyMCE Templates|tinymcetemplates|tinymce-templates
TOCHAT.BE|tochatbe_agent|tochat-be
Toolbar Extras for Elementor & More|acb_block|toolbar-extras
Toolbar Extras for Elementor & More|block_area|toolbar-extras
Toolbar Extras for Elementor & More|block_lab|toolbar-extras
Toolbar Extras for Elementor & More|blocks_layout|toolbar-extras
Toolbar Extras for Elementor & More|gt3_gallery|toolbar-extras
Toolbar Extras for Elementor & More|placeholder|toolbar-extras
Tools for Twitter|aktt_tweet|twitter-tools
Torro Forms|type2|torro-forms
Torro Forms|type3|torro-forms
Torro Forms|type4|torro-forms
Tracking Script Manager|r8_tracking_scripts|tracking-script-manager
Translate Multilingual sites|language_switcher|translatepress-multilingual
Travel Management|nd_travel_cpt_1|nd-travel
Travel Management|nd_travel_cpt_2|nd-travel
Travel Management|nd_travel_cpt_3|nd-travel
Tutor LMS|topics|tutor
Tutor LMS|tutor_announcements|tutor
Tutor LMS|tutor_assignments|tutor
Tutor LMS|tutor_course_rating|tutor
Tutor LMS|tutor_enrolled|tutor
Tutor LMS|tutor_quiz|tutor
Tutor LMS|tutor_zoom_meeting|tutor
Tweeple|tweeple_feed|tweeple
uCare|email_template|ucare-support-system
uCare|marketing_message|ucare-support-system
uCare|support_ticket|ucare-support-system
uCare|theme|ucare-support-system
Uji Popup|popups|uji-popup
Ultimate Before After Image Slider & Gallery|bafg|beaf-before-and-after-gallery
Ultimate Bootstrap Elements for Elementor|ube_content|ultimate-bootstrap-elements-for-elementor
Ultimate Dashboard|udb_admin_page|ultimate-dashboard
Ultimate Dashboard|udb_widgets|ultimate-dashboard
Ultimate Gift Cards for WooCommerce|giftcard|woo-gift-cards-lite
Ultimate Hover Effects|u_hover_effect|ultimate-hover-effects
Ultimate Member|um_directory|ultimate-member
Ultimate Member|um_form|ultimate-member
Ultimate Member|um_groups|ultimate-member
Ultimate Member|um_groups_discussion|ultimate-member
Ultimate Member|um_profile_tabs|ultimate-member
Ultimate Member|um_role|ultimate-member
Ultimate Member Profile Tabs|um_tab|profile-tabs-for-ultimate-member
Ultimate PopUnder|ultimate_popunder|ultimate-popunder
Ultimate Product Catalog|urp_review|ultimate-product-catalogue
Ultimate WP Query Search Filter|uwpqsf|ultimate-wp-query-search-filter
Ultimeter|ultimeter|ultimeter
UltraAddons Elementor Lite|header_footer|ultraaddons-elementor-lite
Universal Slider|fsl_slider|fusion-slider
Unlimited Background Slider|ed_bg_slider|unlimited-background-slider
Unlimited Logo Carousel|ed_logo|unlimited-logo-carousel
User Post Gallery|upg|wp-upg
User Profile Picture|mt_pp|metronet-profile-picture
User Registration|user_registration|user-registration
UsersWP|gd_place|userswp
UsersWP|wpi_invoice|userswp
Very Simple Contact Form|submission|very-simple-contact-form
VG PostCarousel|vgpc|vg-postcarousel
VG WooCarousel|vgwc|vg-woocarousel
Video Gallery|video_gallery|new-video-gallery
Video gallery and Player|sp_html5video|html5-videogallery-plus-player
Video Importer|rf_video_source|video-importer
Video Player for YouTube|ytplayer|yt-player
Video Playlist For YouTube|vid_playlist_ytub|video-playlist-for-youtube
Video User Manuals|tutorial_resource|video-user-manuals
Visibility Control for LearnDash|groups|visibility-control-for-learndash
Visual Composer Website Builder, Landing Page Builder, Custom Theme Builder, Maintenance Mode & Coming Soon Pages|vcv_templates|visualcomposer
Visual Editor Custom Buttons|vecb_editor_buttons|visual-editor-custom-buttons
Visual Portfolio, Photo Gallery & Posts Grid|vp_lists|visual-portfolio
VK All in One Expansion Unit|post_type_manage|vk-all-in-one-expansion-unit
VK Link Target Controller|custom|vk-link-target-controller
W4 Post List|w4pl|w4-post-list
Wallet System for WooCommerce|wallet_shop_order|wallet-system-for-woocommerce
Wallet System for WooCommerce|wallet_withdrawal|wallet-system-for-woocommerce
Watu Quiz|namaste_lesson|watu
Wbcom Designs|review|bp-user-profile-reviews
WC Builder|wpbfwpb_template|wc-builder
WC Fields Factory|wcccf|wc-fields-factory
WC Fields Factory|wccpf|wc-fields-factory
WC Pickup Store|store|wc-pickup-store
WCFM|wcfm_knowledgebase|wc-frontend-manager
WCFM|wcfm_notice|wc-frontend-manager
WCFM Membership|wcfm_memberships|wc-multivendor-membership
Weaver Show Sliders|atw_slider_post|show-sliders
Webcomic|webcomic_ipn|webcomic
Webcomic|webcomic_post|webcomic
Webcomic|webcomic_transcript|webcomic
Webdzier Companion|hg_room|webdzier-companion
Webdzier Companion|hg_slider|webdzier-companion
WebinarPress|wpws_page|wp-webinarsystem
WebinarPress|wpws_reg_widget|wp-webinarsystem
WebinarPress|wswebinars|wp-webinarsystem
WebMan Amplifier|wm_logos|webman-amplifier
WebMan Amplifier|wm_modules|webman-amplifier
WebMan Amplifier|wm_projects|webman-amplifier
WebMan Amplifier|wm_staff|webman-amplifier
WebMan Amplifier|wm_testimonials|webman-amplifier
Website File Changes Monitor|wfcm_file_event|website-file-changes-monitor
Weekly Class Schedule|wcs3_class|weekly-class-schedule
Weekly Class Schedule|wcs3_instructor|weekly-class-schedule
Weekly Class Schedule|wcs3_location|weekly-class-schedule
weForms|wpuf_contact_form|weforms
WHA Crossword|wha_crossword|wha-crossword
When Last Login|wll_records|when-last-login
Whistles|whistle|whistles
Whizzy|whizzy_proof_gallery|whizzy
Wired Impact Volunteer Management|volunteer_opp|wired-impact-volunteer-management
Woo Product Feed For Marketing Channels|woogool_feed|woocommerce-to-google-merchant-center
Woo Product Multi Layout lite|woo_multii_layout|woo-product-multi-layout
WooCommerce|product|woocommerce
WooCommerce|product_variation|woocommerce
WooCommerce|shop_coupon|woocommerce
WooCommerce|shop_order|woocommerce
WooCommerce|shop_order_refund|woocommerce
WooCommerce|shop_webhook|woocommerce
WooCommerce|global_product_addon|woocommerce-exporter
WooCommerce|shop_commission|woocommerce-exporter
WooCommerce|wccaf|woocommerce-exporter
WooCommerce|wccf_checkout_field|woocommerce-exporter
WooCommerce|wccf_order_field|woocommerce-exporter
WooCommerce|wccf_product_field|woocommerce-exporter
WooCommerce|wccf_product_prop|woocommerce-exporter
WooCommerce Advanced Free Shipping|wafs|woocommerce-advanced-free-shipping
WooCommerce Attribute Stock|mewz_attribute_stock|attribute-stock-for-woocommerce
WooCommerce Category Showcase|wccs_showcase|wc-category-showcase
WooCommerce Confirm Payment|wcp_confirm_payment|wc-confirm-payment
WooCommerce Fraud Prevention Plugin|blocked_user|woo-blocker-lite-prevent-fake-orders-and-blacklist-fraud-customers
WooCommerce JTL-Connector|customer_groups|woo-jtl-connector
WooCommerce Multilingual|bookable_person|woocommerce-multilingual
WooCommerce Product Carousel Slider|woocarousel|product-carousel-slider-for-woocommerce
WooCommerce Product Enquiry|product_enquiry|woo-product-enquiry
WooCommerce Product Table Lite|wc_product_table|wc-product-table-lite
WooCommerce Zettle Integration|izettle_purchase|woo-izettle-integration
WoowGallery|woowgallery|woowgallery
Word Search Puzzles game|wha_wordsearch|wha-wordsearch
WordPress Canvas|wc_portfolio_item|wc-custom-post-types
WordPress Contact Form, Drag and Drop Form Builder Plugin|form|liveforms
WordPress Event Plugin|etn|wp-event-solution
WordPress Form Builder Plugin|cwp_gf_entries|forms-gutenberg
WordPress Form Builder Plugin|cwp_gf_forms|forms-gutenberg
WordPress Gallery Plugin|lightbox_library|nextgen-gallery
WordPress Knowledge base & Documentation Plugin|kbe_knowledgebase|wp-knowledgebase
WordPress Knowledge Base Plugin for documentation & wiki|knowledgebase|basepress
WordPress Membership Plugin|wp_log|restrict-content
WordPress PayPal|wp_paypal_order|wp-paypal
WordPress Photo Gallery|attorneys|photo-image-gallery
WordPress REST API|json_consumer|rest-api-oauth1
WordPress Review & Structure Data Schema Plugin|rtrs|review-schema
WordPress Simple PayPal Shopping Cart|wpsc_cart_orders|wordpress-simple-paypal-shopping-cart
WordPress Slider Plugin|blockslider|block-slider
WordPress Stripe Checkout|wpstripeco_order|wp-stripe-checkout
WordPress Stripe Checkout|wpstripeco_product|wp-stripe-checkout
WordPress Team Manager|team_manager|wp-team-manager
WordPress Team Members|gs_team|gs-team-members
WordPress Tooltips|tooltips|wordpress-tooltips
WP Admin UI Customize|dashboard|wp-admin-ui-customize
WP Affiliate Disclosure|wpadc|wp-affiliate-disclosure
WP Blog and Widget|blog_post|wp-blog-and-widgets
WP Bootstrap Gallery|wpb_gallery|wp-bootstrap-gallery
WP Bootstrap Gallery|wpb_optionsframework|wp-bootstrap-gallery
WP Catalogue|wpcproduct|wp-catalogue
WP Club Manager|wpcm_club|wp-club-manager
WP Club Manager|wpcm_match|wp-club-manager
WP Club Manager|wpcm_player|wp-club-manager
WP Club Manager|wpcm_roster|wp-club-manager
WP Club Manager|wpcm_sponsor|wp-club-manager
WP Club Manager|wpcm_staff|wp-club-manager
WP Club Manager|wpcm_table|wp-club-manager
WP Contact Slider|wpcs|wp-contact-slider
WP Content Pilot|wp_content_pilot|wp-content-pilot
WP Coupons and Deals|wpcd_coupons|wp-coupons-and-deals
WP Courses LMS|teacher|wp-courses
WP Custom HTML Page|wpchtmlp_page|wp-custom-html-pages
WP Customer Area|cuar_private_file|customer-area
WP Customer Area|cuar_private_page|customer-area
WP Customer Reviews|wpcr3_review|wp-customer-reviews
WP Dashboard Notes|note|wp-dashboard-notes
WP Document Revisions|document|wp-document-revisions
WP EasyPay|wp_easy_pay|wp-easy-pay
WP EasyPay|wpep_free_reports|wp-easy-pay
WP EasyPay|wpep_reports|wp-easy-pay
WP eCommerce|wpsc_log|wp-e-commerce
WP ERP|erp_hr_announcement|erp
WP Event Aggregator|wpea_import_history|wp-event-aggregator
WP Event Aggregator|xt_scheduled_imports|wp-event-aggregator
WP Event Manager|event_listing|wp-event-manager
WP Event Manager|event_organizer|wp-event-manager
WP Event Manager|event_venue|wp-event-manager
WP Events Manager|event_auth_book|wp-events-manager
WP Events Manager|tp_event|wp-events-manager
WP Extended Search|wpes_setting|wp-extended-search
WP Featured Content and Slider|featured_post|wp-featured-content-and-slider
WP FullPage|fullpage|wp-fullpage
WP Google Analytics Events|wpgae_click_event|wp-google-analytics-events
WP Google Analytics Events|wpgae_scroll_event|wp-google-analytics-events
WP Hide Post|acme_item|wp-hide-post
WP Hide Post|acme_product|wp-hide-post
WP Hide Post|acme_test|wp-hide-post
WP Hotel Booking|hb_booking|wp-hotel-booking
WP Hotel Booking|hb_extra_room|wp-hotel-booking
WP Hotel Booking|hb_room|wp-hotel-booking
WP Hotel Booking Block Room|hb_blocked|wp-hotel-booking-block-room
WP Hotel Booking Coupon|hb_coupon|wp-hotel-booking-coupon
WP Hotelier|extra|wp-hotelier
WP Hotelier|room|wp-hotelier
WP Hotelier|room_reservation|wp-hotelier
WP Image Markers|wp_image_markers|wp-image-makers-easy-hotspot-solution
WP Job Manager|job_listing|wp-job-manager
WP Job Openings|awsm_job_application|wp-job-openings
WP Job Openings|awsm_job_openings|wp-job-openings
WP Links Page|wplp_link|wp-links-page
WP Logo Showcase Responsive Slider and Carousel|logoshowcase|wp-logo-showcase-responsive-slider-slider
WP Mapbox GL JS Maps|gl_js_maps|wp-mapbox-gl-js
WP MapIt|wp_mapit_map|wp-mapit
WP Mega Menu|wpmm_theme|wp-megamenu
WP MyLinks|mylink|wp-mylinks
WP Notification Bars|mts_notification_bar|wp-notification-bars
WP OAuth Server|wo_client|oauth2-provider
WP Optin Wheel|wof_lite_wheel|wp-optin-wheel
WP Optin Wheel|wof_wheel|wp-optin-wheel
WP Orbit Slider|vp_orbitslides|wp-orbit-slider
WP Permastructure|my_type|wp-permastructure
WP Poll|poll|wp-poll
WP Poll Survey & Voting System|it_epoll_poll|epoll-wp-voting
WP Popups|wppopups|wp-popups-lite
WP Popups|wppopups_log|wp-popups-lite
WP Project Manager|cpm_sub_task|wedevs-project-manager
WP Project Manager|cpm_task|wedevs-project-manager
WP Publication Archive|publication|wp-publication-archive
WP Radio|wp_radio|wp-radio
WP responsive FAQ with category plugin|sp_faq|sp-faq
WP RSS Aggregator|wprss_feed|wp-rss-aggregator
WP Shop|wpshop_client_mail|wp-shop-original
WP Shop|wpshop_promo|wp-shop-original
WP Shop|wpshop_user_delivery|wp-shop-original
WP Shop|wpshopcarts|wp-shop-original
WP Show Posts|wp_show_posts|wp-show-posts
WP Simple Galleries|wpsg_optionsframework|wp-simple-galleries
WP SiteManager|rest_api|wp-sitemanager
WP Smart Editor|wpfd_file|wp-smart-editor
WP Smart Editor|wpse_profiles|wp-smart-editor
WP Smart TV|episodes|wp-smart-tv
WP Smart TV|movies|wp-smart-tv
WP Smart TV|series|wp-smart-tv
WP Smart TV|specials|wp-smart-tv
WP Spell Check|Biography|wp-spell-check
WP Store Locator|wpsl_stores|wp-store-locator
WP Tabs|sp_wp_tabs|wp-expand-tabs-free
WP Team|sptp_generator|team-free
WP Team|sptp_member|team-free
WP Terms Popup|termpopup|wp-terms-popup
WP Travel Engine|booking|wp-travel-engine
WP Travel Engine|customer|wp-travel-engine
WP Travel Engine|enquiry|wp-travel-engine
WP Travel Engine|trip|wp-travel-engine
Wp Ultimate Review|xs_review|wp-ultimate-review
WP User Frontend|wpuf_forms|wp-user-frontend
WP User Frontend|wpuf_input|wp-user-frontend
WP User Frontend|wpuf_order|wp-user-frontend
WP User Frontend|wpuf_profile|wp-user-frontend
WP User Frontend|wpuf_subscription|wp-user-frontend
WP User Manager|wpum_directory|wp-user-manager
WP Vegas|vegas|vegas-fullscreen-background-slider
WP Video Posts|videos|wp-video-posts
WP VR|wpvr_item|wpvr
WP WooCommerce Category Slider|wc_category_slider|woo-category-slider-by-pluginever
Wp-Insert|viconsent|wp-insert
WP-Members Membership Plugin|wpmem_product|wp-members
WP-OliveCart|cart|wp-olivecart
WP-OliveCart|wp_olivecart|wp-olivecart
WP-Recall|products|wp-recall
WPAdverts|advert|wpadverts
WPB Custom Tab Manager for WooCommerce|wpb_wtm_tab|wpb-woocommerce-custom-tab-manager
WPBE|simple|bulk-editor
WPCafe|wpc_reservation|wp-cafe
WPCargo Track & Trace|wpcargo_shipment|wpcargo
WPDash Notes|wpf_post_it|wpdash-notes
WPeMatico RSS Feed Fetcher|wpematico|wpematico
wpForo Forum|topic|wpforo
WPGatsby|action_monitor|wp-gatsby
WPGatsby|new_type|wp-gatsby
WPGatsby|wp_gatsby_no|wp-gatsby
WPGatsby|wp_gatsby_test|wp-gatsby
WPLMS MyCred AddOn|mycred_wplms|wplms-mycred-addon
Wpopal Core Features|sizeschart|wpopal-core-features
WPSmartContracts|coin|wp-smart-contracts
WPSmartContracts|crowdfunding|wp-smart-contracts
WPSmartContracts|nft|wp-smart-contracts
WPSmartContracts|staking|wp-smart-contracts
WpStream|wpstream_product|wpstream
WPZOOM Addons for Elementor|portfolio_item|wpzoom-elementor-addons
WPZOOM Addons for Elementor|slider|wpzoom-elementor-addons
WPZOOM Portfolio|portfolio_layout|wpzoom-portfolio
XO Slider|xo_liteslider|xo-liteslider
Yada Wiki|yada_wiki|yada-wiki
YARPP|book|yet-another-related-posts-plugin
YayMail|yaymail_template|yaymail
YITH Proteo Toolkit|proteo_testimonials|yith-proteo-toolkit
YITH Slider for page builders|yith_slide|yith-slider-for-page-builders
YITH Slider for page builders|yith_slider|yith-slider-for-page-builders
YITH WooCommerce Ajax Product Filter|yith_wcan_preset|yith-woocommerce-ajax-navigation
YITH WooCommerce Product Slider Carousel|yith_wcps_type|yith-woocommerce-product-slider-carousel
Yoast Test Helper|movie|yoast-test-helper
YouTube Gallery|emd_|youtube-showcase
YouTube Gallery|emd_video|youtube-showcase
پلاگین پرداخت دلخواه|cupri_pay|pardakht-delkhah
گرویتی فرم فارسی|gf_live_preview|persian-gravity-forms
